ID,Name,Damage %: Physical,Damage %: Magic,Damage %: Fire,Damage %: Lightning,Damage %: Stamina,Damage %: Poise,Damage %: Poise Durability,Scaling %: STR,Scaling %: DEX,Scaling %: INT,Scaling %: FTH,Guard %: Physical,Guard %: Magic,Guard %: Fire,Guard %: Lightning,Guard %: Poison,Guard %: Toxic,Guard %: Bleed,Guard %: Curse,Guard %: Stability,Behavior Effect 1 Offset,Behavior Effect 2 Offset,Behavior Effect 3 Offset,Resident Effect 1 Offset,Resident Effect 2 Offset,Resident Effect 3 Offset,Material Set ID,Damage %: Dark,Guard %: Dark,Scaling %: LCK,Guard %: Stamina,Guard %: Frostbite,Infusion Cost %
0,[Normal] Stock +0,1.4,1.4,1.4,1.4,1,1,1,1,1,1,1,1,1,1,1,1,1,1,1,1,0,0,0,0,0,0,0,1.4,1,1,1,1,1
1,[Normal] Stock +1,1.44,1.44,1.44,1.44,1.1,1,1,1.05,1.05,1.05,1.05,1,1,1,1,1,1,1,1,1,0,0,0,0,0,0,1,1.44,1,1.05,1,1,1
2,[Normal] Stock +2,1.48,1.48,1.48,1.48,1.48,1,1,1.1,1.1,1.1,1.1,1,1,1,1,1,1,1,1,1,0,0,0,0,0,0,2,1.48,1,1.1,1,1,1
3,[Normal] Stock +3,1.52,1.52,1.52,1.52,1.3,1,1,1.15,1.15,1.15,1.15,1,1,1,1,1,1,1,1,1,0,0,0,0,0,0,3,1.52,1,1.15,1,1,1
4,[Normal] Stock +4,1.56,1.56,1.56,1.56,1.4,1,1,1.2,1.2,1.2,1.2,1,1,1,1,1,1,1,1,1,0,0,0,0,0,0,4,1.56,1,1.2,1,1,1
5,[Normal] Stock +5,1.6,1.6,1.6,1.6,1.5,1,1,1.25,1.25,1.25,1.25,1,1,1,1,1,1,1,1,1,0,0,0,0,0,0,5,1.6,1,1.25,1,1,1
6,[Normal] Stock +6,1.64,1.64,1.64,1.64,1.6,1,1,1.3,1.3,1.3,1.3,1,1,1,1,1,1,1,1,1,0,0,0,0,0,0,6,1.64,1,1.3,1,1,1
7,[Normal] Stock +7,1.68,1.68,1.68,1.68,1.7,1,1,1.35,1.35,1.35,1.35,1,1,1,1,1,1,1,1,1,0,0,0,0,0,0,7,1.68,1,1.35,1,1,1
8,[Normal] Stock +8,1.72,1.72,1.72,1.72,1.8,1,1,1.4,1.4,1.4,1.4,1,1,1,1,1,1,1,1,1,0,0,0,0,0,0,8,1.72,1,1.4,1,1,1
9,[Normal] Stock +9,1.76,1.76,1.76,1.76,1.9,1,1,1.45,1.45,1.45,1.45,1,1,1,1,1,1,1,1,1,0,0,0,0,0,0,9,1.76,1,1.45,1,1,1
10,[Normal] Stock +10,1.8,1.8,1.8,1.8,2,1,1,1.5,1.5,1.5,1.5,1,1,1,1,1,1,1,1,1,0,0,0,0,0,0,10,1.8,1,1.5,1,1,1
11,[Normal] Stock +11,1.84,1.84,1.84,1.84,2.1,1,1,1.6,1.6,1.6,1.6,1,1,1,1,1,1,1,1,1,0,0,0,0,0,0,11,1.84,1,1.6,1,1,1
12,[Normal] Stock +12,1.88,1.88,1.88,1.88,2.2,1,1,1.7,1.7,1.7,1.7,1,1,1,1,1,1,1,1,1,0,0,0,0,0,0,12,1.88,1,1.7,1,1,1
13,[Normal] Stock +13,1.92,1.92,1.92,1.92,2.3,1,1,1.8,1.8,1.8,1.8,1,1,1,1,1,1,1,1,1,0,0,0,0,0,0,13,1.92,1,1.8,1,1,1
14,[Normal] Stock +14,1.96,1.96,1.96,1.96,2.4,1,1,1.9,1.9,1.9,1.9,1,1,1,1,1,1,1,1,1,0,0,0,0,0,0,14,1.96,1,1.9,1,1,1
15,[Normal] Stock +15,2,2,2,2,2.5,1,1,2,2,2,2,1,1,1,1,1,1,1,1,1,0,0,0,0,0,0,15,2,1,2,1,1,1
100,[Normal] Lethal +0,1,1,1,1,1,1,1,1.5,1.5,1,1,1,1,1,1,1,1,1,1,1,0,0,0,0,0,0,0,1,1,1,1,1,0.25
101,[Normal] Lethal +1,1.04,1.04,1.04,1.04,1.1,1,1,1.55,1.55,1.05,1.05,1,1,1,1,1,1,1,1,1,0,0,0,0,0,0,1,1.04,1,1.05,1,1,0.25
102,[Normal] Lethal +2,1.08,1.08,1.08,1.08,1.2,1,1,1.6,1.6,1.1,1.1,1,1,1,1,1,1,1,1,1,0,0,0,0,0,0,2,1.08,1,1.1,1,1,0.25
103,[Normal] Lethal +3,1.12,1.12,1.12,1.12,1.3,1,1,1.65,1.65,1.15,1.15,1,1,1,1,1,1,1,1,1,0,0,0,0,0,0,3,1.12,1,1.15,1,1,0.25
104,[Normal] Lethal +4,1.16,1.16,1.16,1.16,1.4,1,1,1.7,1.7,1.2,1.2,1,1,1,1,1,1,1,1,1,0,0,0,0,0,0,4,1.16,1,1.2,1,1,0.25
105,[Normal] Lethal +5,1.2,1.2,1.2,1.2,1.5,1,1,1.75,1.75,1.25,1.25,1,1,1,1,1,1,1,1,1,0,0,0,0,0,0,5,1.2,1,1.25,1,1,0.25
106,[Normal] Lethal +6,1.24,1.24,1.24,1.24,1.6,1,1,1.8,1.8,1.3,1.3,1,1,1,1,1,1,1,1,1,0,0,0,0,0,0,6,1.24,1,1.3,1,1,0.25
107,[Normal] Lethal +7,1.28,1.28,1.28,1.28,1.7,1,1,1.85,1.85,1.35,1.35,1,1,1,1,1,1,1,1,1,0,0,0,0,0,0,7,1.28,1,1.35,1,1,0.25
108,[Normal] Lethal +8,1.32,1.32,1.32,1.32,1.8,1,1,1.9,1.9,1.4,1.4,1,1,1,1,1,1,1,1,1,0,0,0,0,0,0,8,1.32,1,1.4,1,1,0.25
109,[Normal] Lethal +9,1.36,1.36,1.36,1.36,1.9,1,1,1.95,1.95,1.45,1.45,1,1,1,1,1,1,1,1,1,0,0,0,0,0,0,9,1.36,1,1.45,1,1,0.25
110,[Normal] Lethal +10,1.4,1.4,1.4,1.4,2,1,1,2,2,1.5,1.5,1,1,1,1,1,1,1,1,1,0,0,0,0,0,0,10,1.4,1,1.5,1,1,0.25
111,[Normal] Lethal +11,1.44,1.44,1.44,1.44,2.1,1,1,2.1,2.1,1.6,1.6,1,1,1,1,1,1,1,1,1,0,0,0,0,0,0,11,1.44,1,1.6,1,1,0.25
112,[Normal] Lethal +12,1.48,1.48,1.48,1.48,2.2,1,1,2.2,2.2,1.7,1.7,1,1,1,1,1,1,1,1,1,0,0,0,0,0,0,12,1.48,1,1.7,1,1,0.25
113,[Normal] Lethal +13,1.52,1.52,1.52,1.52,2.3,1,1,2.3,2.3,1.8,1.8,1,1,1,1,1,1,1,1,1,0,0,0,0,0,0,13,1.52,1,1.8,1,1,0.25
114,[Normal] Lethal +14,1.56,1.56,1.56,1.56,2.4,1,1,2.4,2.4,1.9,1.9,1,1,1,1,1,1,1,1,1,0,0,0,0,0,0,14,1.56,1,1.9,1,1,0.25
115,[Normal] Lethal +15,1.6,1.6,1.6,1.6,2.5,1,1,2.5,2.5,2,2,1,1,1,1,1,1,1,1,1,0,0,0,0,0,0,15,1.6,1,2,1,1,0.25
200,[Normal] Curse +0,1.4,1.4,1.4,1.4,1,1,1,0.8,0.8,0.8,0.8,1,1,1,1,1,1,1,1.1,1,0,0,0,0,0,0,0,1.4,1,0.8,1,1,0.25
201,[Normal] Curse +1,1.44,1.44,1.44,1.44,1.1,1,1,0.85,0.85,0.85,0.85,1,1,1,1,1,1,1,1.11,1,0,0,0,0,0,0,1,1.44,1,0.85,1,1,0.25
202,[Normal] Curse +2,1.48,1.48,1.48,1.48,1.2,1,1,0.9,0.9,0.9,0.9,1,1,1,1,1,1,1,1.12,1,0,0,0,0,0,0,2,1.48,1,0.9,1,1,0.25
203,[Normal] Curse +3,1.52,1.52,1.52,1.52,1.3,1,1,0.95,0.95,0.95,0.95,1,1,1,1,1,1,1,1.13,1,0,0,0,0,0,0,3,1.52,1,0.95,1,1,0.25
204,[Normal] Curse +4,1.56,1.56,1.56,1.56,1.4,1,1,1,1,1,1,1,1,1,1,1,1,1,1.14,1,0,0,0,0,0,0,4,1.56,1,1,1,1,0.25
205,[Normal] Curse +5,1.6,1.6,1.6,1.6,1.5,1,1,1.05,1.05,1.05,1.05,1,1,1,1,1,1,1,1.15,1,0,0,0,0,0,0,5,1.6,1,1.05,1,1,0.25
206,[Normal] Curse +6,1.64,1.64,1.64,1.64,1.6,1,1,1.1,1.1,1.1,1.1,1,1,1,1,1,1,1,1.16,1,0,0,0,0,0,0,6,1.64,1,1.1,1,1,0.25
207,[Normal] Curse +7,1.68,1.68,1.68,1.68,1.7,1,1,1.15,1.15,1.15,1.15,1,1,1,1,1,1,1,1.17,1,0,0,0,0,0,0,7,1.68,1,1.15,1,1,0.25
208,[Normal] Curse +8,1.72,1.72,1.72,1.72,1.8,1,1,1.2,1.2,1.2,1.2,1,1,1,1,1,1,1,1.18,1,0,0,0,0,0,0,8,1.72,1,1.2,1,1,0.25
209,[Normal] Curse +9,1.76,1.76,1.76,1.76,1.9,1,1,1.25,1.25,1.25,1.25,1,1,1,1,1,1,1,1.19,1,0,0,0,0,0,0,9,1.76,1,2.25,1,1,0.25
210,[Normal] Curse +10,1.8,1.8,1.8,1.8,2,1,1,1.3,1.3,1.3,1.3,1,1,1,1,1,1,1,1.2,1,0,0,0,0,0,0,10,1.8,1,1.3,1,1,0.25
211,[Normal] Curse +11,1.84,1.84,1.84,1.84,2,1,1,1.4,1.4,1.4,1.4,1,1,1,1,1,1,1,1.2,1,0,0,0,0,0,0,11,1.84,1,1.4,1,1,0.25
212,[Normal] Curse +12,1.88,1.88,1.88,1.88,2,1,1,1.5,1.5,1.5,1.5,1,1,1,1,1,1,1,1.2,1,0,0,0,0,0,0,12,1.88,1,2.5,1,1,0.25
213,[Normal] Curse +13,1.92,1.92,1.92,1.92,2,1,1,1.6,1.6,1.6,1.6,1,1,1,1,1,1,1,1.2,1,0,0,0,0,0,0,13,1.92,1,1.6,1,1,0.25
214,[Normal] Curse +14,1.96,1.96,1.96,1.96,2,1,1,1.7,1.7,1.7,1.7,1,1,1,1,1,1,1,1.2,1,0,0,0,0,0,0,14,1.96,1,1.7,1,1,0.25
215,[Normal] Curse +15,2,2,2,2,2,1,1,1.8,1.8,1.8,1.8,1,1,1,1,1,1,1,1.2,1,0,0,0,0,0,0,15,2,1,1.8,1,1,0.25
300,[Normal] Poison +0,1.4,1.4,1.4,1.4,1,1,1,0.8,0.8,0.8,0.8,1,1,1,1,1.1,1.1,1,1,1,0,0,0,0,0,0,0,1.4,1,0.8,1,1,0.25
301,[Normal] Poison +1,1.44,1.44,1.44,1.44,1.1,1,1,0.85,0.85,0.85,0.85,1,1,1,1,1.11,1.11,1,1,1,0,0,0,0,0,0,1,1.44,1,0.85,1,1,0.25
302,[Normal] Poison +2,1.48,1.48,1.48,1.48,1.2,1,1,0.9,0.9,0.9,0.9,1,1,1,1,1.12,1.12,1,1,1,0,0,0,0,0,0,2,1.48,1,0.9,1,1,0.25
303,[Normal] Poison +3,1.52,1.52,1.52,1.52,1.3,1,1,0.95,0.95,0.95,0.95,1,1,1,1,1.13,1.13,1,1,1,0,0,0,0,0,0,3,1.52,1,0.95,1,1,0.25
304,[Normal] Poison +4,1.56,1.56,1.56,1.56,1.4,1,1,1,1,1,1,1,1,1,1,1.14,1.14,1,1,1,0,0,0,0,0,0,4,1.56,1,1,1,1,0.25
305,[Normal] Poison +5,1.6,1.6,1.6,1.6,1.5,1,1,1.05,1.05,1.05,1.05,1,1,1,1,1.15,1.15,1,1,1,0,0,0,0,0,0,5,1.6,1,1.05,1,1,0.25
306,[Normal] Poison +6,1.64,1.64,1.64,1.64,1.6,1,1,1.1,1.1,1.1,1.1,1,1,1,1,1.16,1.16,1,1,1,0,0,0,0,0,0,6,1.64,1,1.1,1,1,0.25
307,[Normal] Poison +7,1.68,1.68,1.68,1.68,1.7,1,1,1.15,1.15,1.15,1.15,1,1,1,1,1.17,1.17,1,1,1,0,0,0,0,0,0,7,1.68,1,1.15,1,1,0.25
308,[Normal] Poison +8,1.72,1.72,1.72,1.72,1.8,1,1,1.2,1.2,1.2,1.2,1,1,1,1,1.18,1.18,1,1,1,0,0,0,0,0,0,8,1.72,1,1.2,1,1,0.25
309,[Normal] Poison +9,1.76,1.76,1.76,1.76,1.9,1,1,1.25,1.25,1.25,1.25,1,1,1,1,1.19,1.19,1,1,1,0,0,0,0,0,0,9,1.76,1,1.25,1,1,0.25
310,[Normal] Poison +10,1.8,1.8,1.8,1.8,2,1,1,1.3,1.3,1.3,1.3,1,1,1,1,1.2,1.2,1,1,1,0,0,0,0,0,0,10,1.8,1,1.3,1,1,0.25
311,[Normal] Poison +11,1.84,1.84,1.84,1.84,2,1,1,1.4,1.4,1.4,1.4,1,1,1,1,1.2,1.2,1,1,1,0,0,0,0,0,0,11,1.84,1,1.4,1,1,0.25
312,[Normal] Poison +12,1.88,1.88,1.88,1.88,2,1,1,1.5,1.5,1.5,1.5,1,1,1,1,1.2,1.2,1,1,1,0,0,0,0,0,0,12,1.88,1,1.5,1,1,0.25
313,[Normal] Poison +13,1.92,1.92,1.92,1.92,2,1,1,1.6,1.6,1.6,1.6,1,1,1,1,1.2,1.2,1,1,1,0,0,0,0,0,0,13,1.92,1,1.6,1,1,0.25
314,[Normal] Poison +14,1.96,1.96,1.96,1.96,2,1,1,1.7,1.7,1.7,1.7,1,1,1,1,1.2,1.2,1,1,1,0,0,0,0,0,0,14,1.96,1,1.7,1,1,0.25
315,[Normal] Poison +15,2,2,2,2,2,1,1,1.8,1.8,1.8,1.8,1,1,1,1,1.2,1.2,1,1,1,0,0,0,0,0,0,15,2,1,1.8,1,1,0.25
400,[Normal] Blood +0,1.4,1.4,1.4,1.4,1,1,1,0.8,0.8,0.8,0.8,1,1,1,1,1,1,1.1,1,1,0,0,0,0,0,0,0,1.4,1,0.8,1,1,0.25
401,[Normal] Blood +1,1.44,1.44,1.44,1.44,1.1,1,1,0.85,0.85,0.85,0.85,1,1,1,1,1,1,1.11,1,1,0,0,0,0,0,0,1,1.44,1,0.85,1,1,0.25
402,[Normal] Blood +2,1.48,1.48,1.48,1.48,1.2,1,1,0.9,0.9,0.9,0.9,1,1,1,1,1,1,1.12,1,1,0,0,0,0,0,0,2,1.48,1,0.9,1,1,0.25
403,[Normal] Blood +3,1.52,1.52,1.52,1.52,1.3,1,1,0.95,0.95,0.95,0.95,1,1,1,1,1,1,1.13,1,1,0,0,0,0,0,0,3,1.52,1,0.95,1,1,0.25
404,[Normal] Blood +4,1.56,1.56,1.56,1.56,1.4,1,1,1,1,1,1,1,1,1,1,1,1,1.14,1,1,0,0,0,0,0,0,4,1.56,1,1,1,1,0.25
405,[Normal] Blood +5,1.6,1.6,1.6,1.6,1.5,1,1,1.05,1.05,1.05,1.05,1,1,1,1,1,1,1.15,1,1,0,0,0,0,0,0,5,1.6,1,1.05,1,1,0.25
406,[Normal] Blood +6,1.64,1.64,1.64,1.64,1.6,1,1,1.1,1.1,1.1,1.1,1,1,1,1,1,1,1.16,1,1,0,0,0,0,0,0,6,1.64,1,1.1,1,1,0.25
407,[Normal] Blood +7,1.68,1.68,1.68,1.68,1.7,1,1,1.15,1.15,1.15,1.15,1,1,1,1,1,1,1.17,1,1,0,0,0,0,0,0,7,1.68,1,1.15,1,1,0.25
408,[Normal] Blood +8,1.72,1.72,1.72,1.72,1.8,1,1,1.2,1.2,1.2,1.2,1,1,1,1,1,1,1.18,1,1,0,0,0,0,0,0,8,1.72,1,1.2,1,1,0.25
409,[Normal] Blood +9,1.76,1.76,1.76,1.76,1.9,1,1,1.25,1.25,1.25,1.25,1,1,1,1,1,1,1.19,1,1,0,0,0,0,0,0,9,1.76,1,1.25,1,1,0.25
410,[Normal] Blood +10,1.8,1.8,1.8,1.8,2,1,1,1.3,1.3,1.3,1.3,1,1,1,1,1,1,1.2,1,1,0,0,0,0,0,0,10,1.8,1,1.3,1,1,0.25
411,[Normal] Blood +11,1.84,1.84,1.84,1.84,2.1,1,1,1.4,1.4,1.4,1.4,1,1,1,1,1,1,1.2,1,1,0,0,0,0,0,0,11,1.84,1,1.4,1,1,0.25
412,[Normal] Blood +12,1.88,1.88,1.88,1.88,2.2,1,1,1.5,1.5,1.5,1.5,1,1,1,1,1,1,1.2,1,1,0,0,0,0,0,0,12,1.88,1,1.5,1,1,0.25
413,[Normal] Blood +13,1.92,1.92,1.92,1.92,2.3,1,1,1.6,1.6,1.6,1.6,1,1,1,1,1,1,1.2,1,1,0,0,0,0,0,0,13,1.92,1,1.6,1,1,0.25
414,[Normal] Blood +14,1.96,1.96,1.96,1.96,2.4,1,1,1.7,1.7,1.7,1.7,1,1,1,1,1,1,1.2,1,1,0,0,0,0,0,0,14,1.96,1,1.7,1,1,0.25
415,[Normal] Blood +15,2,2,2,2,2.5,1,1,1.8,1.8,1.8,1.8,1,1,1,1,1,1,1.2,1,1,0,0,0,0,0,0,15,2,1,1.8,1,1,0.25
500,[Normal] Frost +0,1.4,1.4,1.4,1.4,1,1,1,0.8,0.8,0.8,0.8,1,1,1,1,1,1,1,1,1,0,0,0,0,0,0,0,1.4,1,0.8,1,1.1,0.25
501,[Normal] Frost +1,1.44,1.44,1.44,1.44,1.1,1,1,0.85,0.85,0.85,0.85,1,1,1,1,1,1,1,1,1,0,0,0,0,0,0,1,1.44,1,0.85,1,1.11,0.25
502,[Normal] Frost +2,1.48,1.48,1.48,1.48,1.2,1,1,0.9,0.9,0.9,0.9,1,1,1,1,1,1,1,1,1,0,0,0,0,0,0,2,1.48,1,0.9,1,1.12,0.25
503,[Normal] Frost +3,1.52,1.52,1.52,1.52,1.3,1,1,0.95,0.95,0.95,0.95,1,1,1,1,1,1,1,1,1,0,0,0,0,0,0,3,1.52,1,0.95,1,1.13,0.25
504,[Normal] Frost +4,1.56,1.56,1.56,1.56,1.4,1,1,1,1,1,1,1,1,1,1,1,1,1,1,1,0,0,0,0,0,0,4,1.56,1,1,1,1.14,0.25
505,[Normal] Frost +5,1.6,1.6,1.6,1.6,1.5,1,1,1.05,1.05,1.05,1.05,1,1,1,1,1,1,1,1,1,0,0,0,0,0,0,5,1.6,1,1.05,1,1.15,0.25
506,[Normal] Frost +6,1.64,1.64,1.64,1.64,1.6,1,1,1.1,1.1,1.1,1.1,1,1,1,1,1,1,1,1,1,0,0,0,0,0,0,6,1.64,1,1.1,1,1.16,0.25
507,[Normal] Frost +7,1.68,1.68,1.68,1.68,1.7,1,1,1.15,1.15,1.15,1.15,1,1,1,1,1,1,1,1,1,0,0,0,0,0,0,7,1.68,1,1.15,1,1.17,0.25
508,[Normal] Frost +8,1.72,1.72,1.72,1.72,1.8,1,1,1.2,1.2,1.2,1.2,1,1,1,1,1,1,1,1,1,0,0,0,0,0,0,8,1.72,1,1.2,1,1.18,0.25
509,[Normal] Frost +9,1.76,1.76,1.76,1.76,1.9,1,1,1.25,1.25,1.25,1.25,1,1,1,1,1,1,1,1,1,0,0,0,0,0,0,9,1.76,1,1.25,1,1.19,0.25
510,[Normal] Frost +10,1.8,1.8,1.8,1.8,2,1,1,1.3,1.3,1.3,1.3,1,1,1,1,1,1,1,1,1,0,0,0,0,0,0,10,1.8,1,1.3,1,1.2,0.25
511,[Normal] Frost +11,1.84,1.84,1.84,1.84,2.1,1,1,1.4,1.4,1.4,1.4,1,1,1,1,1,1,1,1,1,0,0,0,0,0,0,11,1.84,1,1.4,1,1.2,0.25
512,[Normal] Frost +12,1.88,1.88,1.88,1.88,2.2,1,1,1.5,1.5,1.5,1.5,1,1,1,1,1,1,1,1,1,0,0,0,0,0,0,12,1.88,1,1.5,1,1.2,0.25
513,[Normal] Frost +13,1.92,1.92,1.92,1.92,2.3,1,1,1.6,1.6,1.6,1.6,1,1,1,1,1,1,1,1,1,0,0,0,0,0,0,13,1.92,1,1.6,1,1.2,0.25
514,[Normal] Frost +14,1.96,1.96,1.96,1.96,2.4,1,1,1.7,1.7,1.7,1.7,1,1,1,1,1,1,1,1,1,0,0,0,0,0,0,14,1.96,1,1.7,1,1.2,0.25
515,[Normal] Frost +15,2,2,2,2,2.5,1,1,1.8,1.8,1.8,1.8,1,1,1,1,1,1,1,1,1,0,0,0,0,0,0,15,2,1,1.8,1,1.2,0.25
600,[Normal] Magic +0,1,1.1,1.1,1.1,1,1,1,1,1,1,1,1,1,1,1,1,1,1,1,1,0,0,0,0,0,0,0,1.1,1,1,1,1,0.25
601,[Normal] Magic +1,1.01,1.12,1.12,1.12,1.1,1,1,1.05,1.05,1.05,1.05,1,1,1,1,1,1,1,1,1,0,0,0,0,0,0,1,1.12,1,1.05,1,1,0.25
602,[Normal] Magic +2,1.02,1.14,1.14,1.14,1.2,1,1,1.1,1.1,1.1,1.1,1,1,1,1,1,1,1,1,1,0,0,0,0,0,0,2,1.14,1,1.1,1,1,0.25
603,[Normal] Magic +3,1.03,1.16,1.16,1.16,1.3,1,1,1.15,1.15,1.15,1.15,1,1,1,1,1,1,1,1,1,0,0,0,0,0,0,3,1.16,1,1.15,1,1,0.25
604,[Normal] Magic +4,1.04,1.18,1.18,1.18,1.4,1,1,1.2,1.2,1.2,1.2,1,1,1,1,1,1,1,1,1,0,0,0,0,0,0,4,1.18,1,1.2,1,1,0.25
605,[Normal] Magic +5,1.05,1.2,1.2,1.2,1.5,1,1,1.25,1.25,1.25,1.25,1,1,1,1,1,1,1,1,1,0,0,0,0,0,0,5,1.2,1,1.25,1,1,0.25
606,[Normal] Magic +6,1.06,1.22,1.22,1.22,1.6,1,1,1.3,1.3,1.3,1.3,1,1,1,1,1,1,1,1,1,0,0,0,0,0,0,6,1.22,1,1.3,1,1,0.25
607,[Normal] Magic +7,1.07,1.24,1.24,1.24,1.7,1,1,1.35,1.35,1.35,1.35,1,1,1,1,1,1,1,1,1,0,0,0,0,0,0,7,1.24,1,1.35,1,1,0.25
608,[Normal] Magic +8,1.08,1.26,1.26,1.26,1.8,1,1,1.4,1.4,1.4,1.4,1,1,1,1,1,1,1,1,1,0,0,0,0,0,0,8,1.26,1,1.4,1,1,0.25
609,[Normal] Magic +9,1.09,1.28,1.28,1.28,1.9,1,1,1.45,1.45,1.45,1.45,1,1,1,1,1,1,1,1,1,0,0,0,0,0,0,9,1.28,1,1.45,1,1,0.25
610,[Normal] Magic +10,1.1,1.3,1.3,1.3,2,1,1,1.5,1.5,1.5,1.5,1,1,1,1,1,1,1,1,1,0,0,0,0,0,0,10,1.3,1,1.5,1,1,0.25
611,[Normal] Magic +11,1.14,1.34,1.34,1.34,2.1,1,1,1.6,1.6,1.6,1.6,1,1,1,1,1,1,1,1,1,0,0,0,0,0,0,11,1.34,1,1.6,1,1,0.25
612,[Normal] Magic +12,1.18,1.38,1.38,1.38,2.2,1,1,1.7,1.7,1.7,1.7,1,1,1,1,1,1,1,1,1,0,0,0,0,0,0,12,1.38,1,1.7,1,1,0.25
613,[Normal] Magic +13,1.22,1.42,1.42,1.42,2.3,1,1,1.8,1.8,1.8,1.8,1,1,1,1,1,1,1,1,1,0,0,0,0,0,0,13,1.42,1,1.8,1,1,0.25
614,[Normal] Magic +14,1.26,1.46,1.46,1.46,2.4,1,1,1.9,1.9,1.9,1.9,1,1,1,1,1,1,1,1,1,0,0,0,0,0,0,14,1.46,1,1.9,1,1,0.25
615,[Normal] Magic +15,1.3,1.5,1.5,1.5,2.5,1,1,2,2,2,2,1,1,1,1,1,1,1,1,1,0,0,0,0,0,0,15,1.5,1,2,1,1,0.25
700,[Normal] Fire +0,1,1.1,1.1,1.1,1,1,1,1,1,1.25,1.25,1,1,1,1,1,1,1,1,1,0,0,0,0,0,0,0,1.1,1,1,1,1,0.25
701,[Normal] Fire +1,1.01,1.12,1.12,1.12,1.1,1,1,1.05,1.05,1.3,1.3,1,1,1,1,1,1,1,1,1,0,0,0,0,0,0,1,1.12,1,1.05,1,1,0.25
702,[Normal] Fire +2,1.02,1.14,1.14,1.14,1.2,1,1,1.1,1.1,1.35,1.35,1,1,1,1,1,1,1,1,1,0,0,0,0,0,0,2,1.14,1,1.1,1,1,0.25
703,[Normal] Fire +3,1.03,1.16,1.16,1.16,1.3,1,1,1.15,1.15,1.4,1.4,1,1,1,1,1,1,1,1,1,0,0,0,0,0,0,3,1.16,1,1.15,1,1,0.25
704,[Normal] Fire +4,1.04,1.18,1.18,1.18,1.4,1,1,1.2,1.2,1.45,1.45,1,1,1,1,1,1,1,1,1,0,0,0,0,0,0,4,1.18,1,1.2,1,1,0.25
705,[Normal] Fire +5,1.05,1.2,1.2,1.2,1.5,1,1,1.25,1.25,1.5,1.5,1,1,1,1,1,1,1,1,1,0,0,0,0,0,0,5,1.2,1,1.25,1,1,0.25
706,[Normal] Fire +6,1.06,1.22,1.22,1.22,1.6,1,1,1.3,1.3,1.55,1.55,1,1,1,1,1,1,1,1,1,0,0,0,0,0,0,6,1.22,1,1.3,1,1,0.25
707,[Normal] Fire +7,1.07,1.24,1.24,1.24,1.7,1,1,1.35,1.35,1.6,1.6,1,1,1,1,1,1,1,1,1,0,0,0,0,0,0,7,1.24,1,1.35,1,1,0.25
708,[Normal] Fire +8,1.08,1.26,1.26,1.26,1.8,1,1,1.4,1.4,1.65,1.65,1,1,1,1,1,1,1,1,1,0,0,0,0,0,0,8,1.26,1,1.4,1,1,0.25
709,[Normal] Fire +9,1.09,1.28,1.28,1.28,1.9,1,1,1.45,1.45,1.7,1.7,1,1,1,1,1,1,1,1,1,0,0,0,0,0,0,9,1.28,1,1.45,1,1,0.25
710,[Normal] Fire +10,1.1,1.3,1.3,1.3,2,1,1,1.5,1.5,1.75,1.75,1,1,1,1,1,1,1,1,1,0,0,0,0,0,0,10,1.3,1,1.5,1,1,0.25
711,[Normal] Fire +11,1.14,1.34,1.34,1.34,2.1,1,1,1.6,1.6,1.85,1.85,1,1,1,1,1,1,1,1,1,0,0,0,0,0,0,11,1.34,1,1.6,1,1,0.25
712,[Normal] Fire +12,1.18,1.38,1.38,1.38,2.2,1,1,1.7,1.7,1.95,1.95,1,1,1,1,1,1,1,1,1,0,0,0,0,0,0,12,1.38,1,1.7,1,1,0.25
713,[Normal] Fire +13,1.22,1.42,1.42,1.42,2.3,1,1,1.8,1.8,2.05,2.05,1,1,1,1,1,1,1,1,1,0,0,0,0,0,0,13,1.42,1,1.8,1,1,0.25
714,[Normal] Fire +14,1.26,1.46,1.46,1.46,2.4,1,1,1.9,1.9,2.15,2.15,1,1,1,1,1,1,1,1,1,0,0,0,0,0,0,14,1.46,1,1.9,1,1,0.25
715,[Normal] Fire +15,1.3,1.5,1.5,1.5,2.5,1,1,2,2,2.25,2.25,1,1,1,1,1,1,1,1,1,0,0,0,0,0,0,15,1.5,1,2,1,1,0.25
800,[Normal] Lightning +0,1,1.1,1.1,1.1,1,1,1,1,1,1,1,1,1,1,1,1,1,1,1,1,0,0,0,0,0,0,0,1.1,1,1,1,1,0.25
801,[Normal] Lightning +1,1.01,1.12,1.12,1.12,1.1,1,1,1.05,1.05,1.05,1.05,1,1,1,1,1,1,1,1,1,0,0,0,0,0,0,1,1.12,1,1.05,1,1,0.25
802,[Normal] Lightning +2,1.02,1.14,1.14,1.14,1.2,1,1,1.1,1.1,1.1,1.1,1,1,1,1,1,1,1,1,1,0,0,0,0,0,0,2,1.14,1,1.1,1,1,0.25
803,[Normal] Lightning +3,1.03,1.16,1.16,1.16,1.3,1,1,1.15,1.15,1.15,1.15,1,1,1,1,1,1,1,1,1,0,0,0,0,0,0,3,1.16,1,1.15,1,1,0.25
804,[Normal] Lightning +4,1.04,1.18,1.18,1.18,1.4,1,1,1.2,1.2,1.2,1.2,1,1,1,1,1,1,1,1,1,0,0,0,0,0,0,4,1.18,1,1.2,1,1,0.25
805,[Normal] Lightning +5,1.05,1.2,1.2,1.2,1.5,1,1,1.25,1.25,1.25,1.25,1,1,1,1,1,1,1,1,1,0,0,0,0,0,0,5,1.2,1,1.25,1,1,0.25
806,[Normal] Lightning +6,1.06,1.22,1.22,1.22,1.6,1,1,1.3,1.3,1.3,1.3,1,1,1,1,1,1,1,1,1,0,0,0,0,0,0,6,1.22,1,1.3,1,1,0.25
807,[Normal] Lightning +7,1.07,1.24,1.24,1.24,1.7,1,1,1.35,1.35,1.35,1.35,1,1,1,1,1,1,1,1,1,0,0,0,0,0,0,7,1.24,1,1.35,1,1,0.25
808,[Normal] Lightning +8,1.08,1.26,1.26,1.26,1.8,1,1,1.4,1.4,1.4,1.4,1,1,1,1,1,1,1,1,1,0,0,0,0,0,0,8,1.26,1,1.4,1,1,0.25
809,[Normal] Lightning +9,1.09,1.28,1.28,1.28,1.9,1,1,1.45,1.45,1.45,1.45,1,1,1,1,1,1,1,1,1,0,0,0,0,0,0,9,1.28,1,1.45,1,1,0.25
810,[Normal] Lightning +10,1.1,1.3,1.3,1.3,2,1,1,1.5,1.5,1.5,1.5,1,1,1,1,1,1,1,1,1,0,0,0,0,0,0,10,1.3,1,1.5,1,1,0.25
811,[Normal] Lightning +11,1.14,1.34,1.34,1.34,2.1,1,1,1.6,1.6,1.6,1.6,1,1,1,1,1,1,1,1,1,0,0,0,0,0,0,11,1.34,1,1.6,1,1,0.25
812,[Normal] Lightning +12,1.18,1.38,1.38,1.38,2.2,1,1,1.7,1.7,1.7,1.7,1,1,1,1,1,1,1,1,1,0,0,0,0,0,0,12,1.38,1,1.7,1,1,0.25
813,[Normal] Lightning +13,1.22,1.42,1.42,1.42,2.3,1,1,1.8,1.8,1.8,1.8,1,1,1,1,1,1,1,1,1,0,0,0,0,0,0,13,1.42,1,1.8,1,1,0.25
814,[Normal] Lightning +14,1.26,1.46,1.46,1.46,2.4,1,1,1.9,1.9,1.9,1.9,1,1,1,1,1,1,1,1,1,0,0,0,0,0,0,14,1.46,1,1.9,1,1,0.25
815,[Normal] Lightning +15,1.3,1.5,1.5,1.5,2.5,1,1,2,2,2,2,1,1,1,1,1,1,1,1,1,0,0,0,0,0,0,15,1.5,1,2,1,1,0.25
900,[Normal] Dark +0,1,1.1,1.1,1.1,1,1,1,1,1,1.25,1.25,1,1,1,1,1,1,1,1,1,0,0,0,0,0,0,0,1.1,1,1,1,1,0.25
901,[Normal] Dark +1,1.01,1.12,1.12,1.12,1.1,1,1,1.05,1.05,1.3,1.3,1,1,1,1,1,1,1,1,1,0,0,0,0,0,0,1,1.12,1,1.05,1,1,0.25
902,[Normal] Dark +2,1.02,1.14,1.14,1.14,1.2,1,1,1.1,1.1,1.35,1.35,1,1,1,1,1,1,1,1,1,0,0,0,0,0,0,2,1.14,1,1.1,1,1,0.25
903,[Normal] Dark +3,1.03,1.16,1.16,1.16,1.3,1,1,1.15,1.15,1.4,1.4,1,1,1,1,1,1,1,1,1,0,0,0,0,0,0,3,1.16,1,1.15,1,1,0.25
904,[Normal] Dark +4,1.04,1.18,1.18,1.18,1.4,1,1,1.2,1.2,1.45,1.45,1,1,1,1,1,1,1,1,1,0,0,0,0,0,0,4,1.18,1,1.2,1,1,0.25
905,[Normal] Dark +5,1.05,1.2,1.2,1.2,1.5,1,1,1.25,1.25,1.5,1.5,1,1,1,1,1,1,1,1,1,0,0,0,0,0,0,5,1.2,1,1.25,1,1,0.25
906,[Normal] Dark +6,1.06,1.22,1.22,1.22,1.6,1,1,1.3,1.3,1.55,1.55,1,1,1,1,1,1,1,1,1,0,0,0,0,0,0,6,1.22,1,1.3,1,1,0.25
907,[Normal] Dark +7,1.07,1.24,1.24,1.24,1.7,1,1,1.35,1.35,1.6,1.6,1,1,1,1,1,1,1,1,1,0,0,0,0,0,0,7,1.24,1,1.35,1,1,0.25
908,[Normal] Dark +8,1.08,1.26,1.26,1.26,1.8,1,1,1.4,1.4,1.65,1.65,1,1,1,1,1,1,1,1,1,0,0,0,0,0,0,8,1.26,1,1.4,1,1,0.25
909,[Normal] Dark +9,1.09,1.28,1.28,1.28,1.9,1,1,1.45,1.45,1.7,1.7,1,1,1,1,1,1,1,1,1,0,0,0,0,0,0,9,1.28,1,1.45,1,1,0.25
910,[Normal] Dark +10,1.1,1.3,1.3,1.3,2,1,1,1.5,1.5,1.75,1.75,1,1,1,1,1,1,1,1,1,0,0,0,0,0,0,10,1.3,1,1.5,1,1,0.25
911,[Normal] Dark +11,1.14,1.34,1.34,1.34,2.1,1,1,1.6,1.6,1.85,1.85,1,1,1,1,1,1,1,1,1,0,0,0,0,0,0,11,1.34,1,1.6,1,1,0.25
912,[Normal] Dark +12,1.18,1.38,1.38,1.38,2.2,1,1,1.7,1.7,1.95,1.95,1,1,1,1,1,1,1,1,1,0,0,0,0,0,0,12,1.38,1,1.7,1,1,0.25
913,[Normal] Dark +13,1.22,1.42,1.42,1.42,2.3,1,1,1.8,1.8,2.05,2.05,1,1,1,1,1,1,1,1,1,0,0,0,0,0,0,13,1.42,1,1.8,1,1,0.25
914,[Normal] Dark +14,1.26,1.46,1.46,1.46,2.4,1,1,1.9,1.9,2.15,2.15,1,1,1,1,1,1,1,1,1,0,0,0,0,0,0,14,1.46,1,1.9,1,1,0.25
915,[Normal] Dark +15,1.3,1.5,1.5,1.5,2.5,1,1,2,2,2.25,2.25,1,1,1,1,1,1,1,1,1,0,0,0,0,0,0,15,1.5,1,2,1,1,0.25
1000,[Normal] Lucky +0,1,1,1,1,1,1,1,1,1,1,1,1,1,1,1,1,1,1,1,1,0,0,0,0,0,0,0,1,1,1,1,1,0.25
1001,[Normal] Lucky +1,1.03,1.03,1.03,1.03,1.1,1,1,1.05,1.05,1.05,1.05,1,1,1,1,1,1,1,1,1,0,0,0,0,0,0,1,1.03,1,1.05,1,1,0.25
1002,[Normal] Lucky +2,1.06,1.06,1.06,1.06,1.2,1,1,1.1,1.1,1.1,1.1,1,1,1,1,1,1,1,1,1,0,0,0,0,0,0,2,1.06,1,1.1,1,1,0.25
1003,[Normal] Lucky +3,1.09,1.09,1.09,1.09,1.3,1,1,1.15,1.15,1.15,1.15,1,1,1,1,1,1,1,1,1,0,0,0,0,0,0,3,1.09,1,1.15,1,1,0.25
1004,[Normal] Lucky +4,1.12,1.12,1.12,1.12,1.4,1,1,1.2,1.2,1.2,1.2,1,1,1,1,1,1,1,1,1,0,0,0,0,0,0,4,1.12,1,1.2,1,1,0.25
1005,[Normal] Lucky +5,1.15,1.15,1.15,1.15,1.5,1,1,1.25,1.25,1.25,1.25,1,1,1,1,1,1,1,1,1,0,0,0,0,0,0,5,1.15,1,1.25,1,1,0.25
1006,[Normal] Lucky +6,1.18,1.18,1.18,1.18,1.6,1,1,1.3,1.3,1.3,1.3,1,1,1,1,1,1,1,1,1,0,0,0,0,0,0,6,1.18,1,1.3,1,1,0.25
1007,[Normal] Lucky +7,1.21,1.21,1.21,1.21,1.7,1,1,1.35,1.35,1.35,1.35,1,1,1,1,1,1,1,1,1,0,0,0,0,0,0,7,1.21,1,1.35,1,1,0.25
1008,[Normal] Lucky +8,1.24,1.24,1.24,1.24,1.8,1,1,1.4,1.4,1.4,1.4,1,1,1,1,1,1,1,1,1,0,0,0,0,0,0,8,1.24,1,1.4,1,1,0.25
1009,[Normal] Lucky +9,1.27,1.27,1.27,1.27,1.9,1,1,1.45,1.45,1.45,1.45,1,1,1,1,1,1,1,1,1,0,0,0,0,0,0,9,1.27,1,1.45,1,1,0.25
1010,[Normal] Lucky +10,1.3,1.3,1.3,1.3,2,1,1,1.5,1.5,1.5,1.5,1,1,1,1,1,1,1,1,1,0,0,0,0,0,0,10,1.3,1,1.5,1,1,0.25
1011,[Normal] Lucky +11,1.34,1.34,1.34,1.34,2.1,1,1,1.6,1.6,1.6,1.6,1,1,1,1,1,1,1,1,1,0,0,0,0,0,0,11,1.34,1,1.6,1,1,0.25
1012,[Normal] Lucky +12,1.38,1.38,1.38,1.38,2.2,1,1,1.7,1.7,1.7,1.7,1,1,1,1,1,1,1,1,1,0,0,0,0,0,0,12,1.38,1,1.7,1,1,0.25
1013,[Normal] Lucky +13,1.42,1.42,1.42,1.42,2.3,1,1,1.8,1.8,1.8,1.8,1,1,1,1,1,1,1,1,1,0,0,0,0,0,0,13,1.42,1,1.8,1,1,0.25
1014,[Normal] Lucky +14,1.46,1.46,1.46,1.46,2.4,1,1,1.9,1.9,1.9,1.9,1,1,1,1,1,1,1,1,1,0,0,0,0,0,0,14,1.46,1,1.9,1,1,0.25
1015,[Normal] Lucky +15,1.5,1.5,1.5,1.5,2.5,1,1,2,2,2,2,1,1,1,1,1,1,1,1,1,0,0,0,0,0,0,15,1.5,1,2,1,1,0.25
1100,[Normal] Enchanted +0,1,1,1,1,1,1,1,1,1,1,1,1,1,1,1,1,1,1,1,1,0,0,0,0,0,0,0,1,1,1,1,1,0.25
1101,[Normal] Enchanted +1,1.03,1.03,1.03,1.03,1.1,1,1,1.05,1.05,1.05,1.05,1,1,1,1,1,1,1,1,1,0,0,0,0,0,0,1,1.03,1,1.05,1,1,0.25
1102,[Normal] Enchanted +2,1.06,1.06,1.06,1.06,1.2,1,1,1.1,1.1,1.1,1.1,1,1,1,1,1,1,1,1,1,0,0,0,0,0,0,2,1.06,1,1.1,1,1,0.25
1103,[Normal] Enchanted +3,1.09,1.09,1.09,1.09,1.3,1,1,1.15,1.15,1.15,1.15,1,1,1,1,1,1,1,1,1,0,0,0,0,0,0,3,1.09,1,1.15,1,1,0.25
1104,[Normal] Enchanted +4,1.12,1.12,1.12,1.12,1.4,1,1,1.2,1.2,1.2,1.2,1,1,1,1,1,1,1,1,1,0,0,0,0,0,0,4,1.12,1,1.2,1,1,0.25
1105,[Normal] Enchanted +5,1.15,1.15,1.15,1.15,1.5,1,1,1.25,1.25,1.25,1.25,1,1,1,1,1,1,1,1,1,0,0,0,0,0,0,5,1.15,1,1.25,1,1,0.25
1106,[Normal] Enchanted +6,1.18,1.18,1.18,1.18,1.6,1,1,1.3,1.3,1.3,1.3,1,1,1,1,1,1,1,1,1,0,0,0,0,0,0,6,1.18,1,1.3,1,1,0.25
1107,[Normal] Enchanted +7,1.21,1.21,1.21,1.21,1.7,1,1,1.35,1.35,1.35,1.35,1,1,1,1,1,1,1,1,1,0,0,0,0,0,0,7,1.21,1,1.35,1,1,0.25
1108,[Normal] Enchanted +8,1.24,1.24,1.24,1.24,1.8,1,1,1.4,1.4,1.4,1.4,1,1,1,1,1,1,1,1,1,0,0,0,0,0,0,8,1.24,1,1.4,1,1,0.25
1109,[Normal] Enchanted +9,1.27,1.27,1.27,1.27,1.9,1,1,1.45,1.45,1.45,1.45,1,1,1,1,1,1,1,1,1,0,0,0,0,0,0,9,1.27,1,1.45,1,1,0.25
1110,[Normal] Enchanted +10,1.3,1.3,1.3,1.3,2,1,1,1.5,1.5,1.5,1.5,1,1,1,1,1,1,1,1,1,0,0,0,0,0,0,10,1.3,1,1.5,1,1,0.25
1111,[Normal] Enchanted +11,1.34,1.34,1.34,1.34,2.1,1,1,1.6,1.6,1.6,1.6,1,1,1,1,1,1,1,1,1,0,0,0,0,0,0,11,1.34,1,1.6,1,1,0.25
1112,[Normal] Enchanted +12,1.38,1.38,1.38,1.38,2.2,1,1,1.7,1.7,1.7,1.7,1,1,1,1,1,1,1,1,1,0,0,0,0,0,0,12,1.38,1,1.7,1,1,0.25
1113,[Normal] Enchanted +13,1.42,1.42,1.42,1.42,2.3,1,1,1.8,1.8,1.8,1.8,1,1,1,1,1,1,1,1,1,0,0,0,0,0,0,13,1.42,1,1.8,1,1,0.25
1114,[Normal] Enchanted +14,1.46,1.46,1.46,1.46,2.4,1,1,1.9,1.9,1.9,1.9,1,1,1,1,1,1,1,1,1,0,0,0,0,0,0,14,1.46,1,1.9,1,1,0.25
1115,[Normal] Enchanted +15,1.5,1.5,1.5,1.5,2.5,1,1,2,2,2,2,1,1,1,1,1,1,1,1,1,0,0,0,0,0,0,15,1.5,1,2,1,1,0.25
1200,[Normal] Holy +0,1,1,1,1,1,1,1,1,1,1,1,1,1,1,1,1,1,1,1,1,0,0,0,0,0,0,0,1,1,1,1,1,0.25
1201,[Normal] Holy +1,1.03,1.03,1.03,1.03,1.1,1,1,1.05,1.05,1.05,1.05,1,1,1,1,1,1,1,1,1,0,0,0,0,0,0,1,1.03,1,1.05,1,1,0.25
1202,[Normal] Holy +2,1.06,1.06,1.06,1.06,1.2,1,1,1.1,1.1,1.1,1.1,1,1,1,1,1,1,1,1,1,0,0,0,0,0,0,2,1.06,1,1.1,1,1,0.25
1203,[Normal] Holy +3,1.09,1.09,1.09,1.09,1.3,1,1,1.15,1.15,1.15,1.15,1,1,1,1,1,1,1,1,1,0,0,0,0,0,0,3,1.09,1,1.15,1,1,0.25
1204,[Normal] Holy +4,1.12,1.12,1.12,1.12,1.4,1,1,1.2,1.2,1.2,1.2,1,1,1,1,1,1,1,1,1,0,0,0,0,0,0,4,1.12,1,1.2,1,1,0.25
1205,[Normal] Holy +5,1.15,1.15,1.15,1.15,1.5,1,1,1.25,1.25,1.25,1.25,1,1,1,1,1,1,1,1,1,0,0,0,0,0,0,5,1.15,1,1.25,1,1,0.25
1206,[Normal] Holy +6,1.18,1.18,1.18,1.18,1.6,1,1,1.3,1.3,1.3,1.3,1,1,1,1,1,1,1,1,1,0,0,0,0,0,0,6,1.18,1,1.3,1,1,0.25
1207,[Normal] Holy +7,1.21,1.21,1.21,1.21,1.7,1,1,1.35,1.35,1.35,1.35,1,1,1,1,1,1,1,1,1,0,0,0,0,0,0,7,1.21,1,1.35,1,1,0.25
1208,[Normal] Holy +8,1.24,1.24,1.24,1.24,1.8,1,1,1.4,1.4,1.4,1.4,1,1,1,1,1,1,1,1,1,0,0,0,0,0,0,8,1.24,1,1.4,1,1,0.25
1209,[Normal] Holy +9,1.27,1.27,1.27,1.27,1.9,1,1,1.45,1.45,1.45,1.45,1,1,1,1,1,1,1,1,1,0,0,0,0,0,0,9,1.27,1,1.45,1,1,0.25
1210,[Normal] Holy +10,1.3,1.3,1.3,1.3,2,1,1,1.5,1.5,1.5,1.5,1,1,1,1,1,1,1,1,1,0,0,0,0,0,0,10,1.3,1,1.5,1,1,0.25
1211,[Normal] Holy +11,1.34,1.34,1.34,1.34,2.1,1,1,1.6,1.6,1.6,1.6,1,1,1,1,1,1,1,1,1,0,0,0,0,0,0,11,1.34,1,1.6,1,1,0.25
1212,[Normal] Holy +12,1.38,1.38,1.38,1.38,2.2,1,1,1.7,1.7,1.7,1.7,1,1,1,1,1,1,1,1,1,0,0,0,0,0,0,12,1.38,1,1.7,1,1,0.25
1213,[Normal] Holy +13,1.42,1.42,1.42,1.42,2.3,1,1,1.8,1.8,1.8,1.8,1,1,1,1,1,1,1,1,1,0,0,0,0,0,0,13,1.42,1,1.8,1,1,0.25
1214,[Normal] Holy +14,1.46,1.46,1.46,1.46,2.4,1,1,1.9,1.9,1.9,1.9,1,1,1,1,1,1,1,1,1,0,0,0,0,0,0,14,1.46,1,1.9,1,1,0.25
1215,[Normal] Holy +15,1.5,1.5,1.5,1.5,2.5,1,1,2,2,2,2,1,1,1,1,1,1,1,1,1,0,0,0,0,0,0,15,1.5,1,2,1,1,0.25
1300,[Normal] Sharp +0,1,1,1,1,1,1,1,1,2,1,1,1,1,1,1,1,1,1,1,1,0,0,0,0,0,0,0,1,1,1,1,1,0.25
1301,[Normal] Sharp +1,1.04,1.04,1.04,1.04,1.1,1,1,1,2.1,1.05,1.05,1,1,1,1,1,1,1,1,1,0,0,0,0,0,0,1,1.04,1,1.05,1,1,0.25
1302,[Normal] Sharp +2,1.08,1.08,1.08,1.08,1.2,1,1,1,2.2,1.1,1.1,1,1,1,1,1,1,1,1,1,0,0,0,0,0,0,2,1.08,1,1.1,1,1,0.25
1303,[Normal] Sharp +3,1.12,1.12,1.12,1.12,1.3,1,1,1,2.3,1.15,1.15,1,1,1,1,1,1,1,1,1,0,0,0,0,0,0,3,1.12,1,1.15,1,1,0.25
1304,[Normal] Sharp +4,1.16,1.16,1.16,1.16,1.4,1,1,1,2.4,1.2,1.2,1,1,1,1,1,1,1,1,1,0,0,0,0,0,0,4,1.16,1,1.2,1,1,0.25
1305,[Normal] Sharp +5,1.2,1.2,1.2,1.2,1.5,1,1,1,2.5,1.25,1.25,1,1,1,1,1,1,1,1,1,0,0,0,0,0,0,5,1.2,1,1.25,1,1,0.25
1306,[Normal] Sharp +6,1.24,1.24,1.24,1.24,1.6,1,1,1,2.6,1.3,1.3,1,1,1,1,1,1,1,1,1,0,0,0,0,0,0,6,1.24,1,1.3,1,1,0.25
1307,[Normal] Sharp +7,1.28,1.28,1.28,1.28,1.7,1,1,1,2.7,1.35,1.35,1,1,1,1,1,1,1,1,1,0,0,0,0,0,0,7,1.28,1,1.35,1,1,0.25
1308,[Normal] Sharp +8,1.32,1.32,1.32,1.32,1.8,1,1,1,2.8,1.4,1.4,1,1,1,1,1,1,1,1,1,0,0,0,0,0,0,8,1.32,1,1.4,1,1,0.25
1309,[Normal] Sharp +9,1.36,1.36,1.36,1.36,1.9,1,1,1,2.9,1.45,1.45,1,1,1,1,1,1,1,1,1,0,0,0,0,0,0,9,1.36,1,1.45,1,1,0.25
1310,[Normal] Sharp +10,1.4,1.4,1.4,1.4,2,1,1,1,3,1.5,1.5,1,1,1,1,1,1,1,1,1,0,0,0,0,0,0,10,1.4,1,1.5,1,1,0.25
1311,[Normal] Sharp +11,1.44,1.44,1.44,1.44,2.1,1,1,1,3.1,1.6,1.6,1,1,1,1,1,1,1,1,1,0,0,0,0,0,0,11,1.44,1,1.6,1,1,0.25
1312,[Normal] Sharp +12,1.48,1.48,1.48,1.48,2.2,1,1,1,3.2,1.7,1.7,1,1,1,1,1,1,1,1,1,0,0,0,0,0,0,12,1.48,1,1.7,1,1,0.25
1313,[Normal] Sharp +13,1.52,1.52,1.52,1.52,2.3,1,1,1,3.3,1.8,1.8,1,1,1,1,1,1,1,1,1,0,0,0,0,0,0,13,1.52,1,1.8,1,1,0.25
1314,[Normal] Sharp +14,1.56,1.56,1.56,1.56,2.4,1,1,1,3.4,1.9,1.9,1,1,1,1,1,1,1,1,1,0,0,0,0,0,0,14,1.56,1,1.9,1,1,0.25
1315,[Normal] Sharp +15,1.6,1.6,1.6,1.6,2.5,1,1,1,3.5,2,2,1,1,1,1,1,1,1,1,1,0,0,0,0,0,0,15,1.6,1,2,1,1,0.25
1400,[Normal] Blunt +0,1,1,1,1,1,1,1,2,1,1,1,1,1,1,1,1,1,1,1,1,0,0,0,0,0,0,0,1,1,1,1,1,0.25
1401,[Normal] Blunt +1,1.04,1.04,1.04,1.04,1.1,1,1,2.1,1,1.05,1.05,1,1,1,1,1,1,1,1,1,0,0,0,0,0,0,1,1.04,1,1.05,1,1,0.25
1402,[Normal] Blunt +2,1.08,1.08,1.08,1.08,1.2,1,1,2.2,1,1.1,1.1,1,1,1,1,1,1,1,1,1,0,0,0,0,0,0,2,1.08,1,1.1,1,1,0.25
1403,[Normal] Blunt +3,1.12,1.12,1.12,1.12,1.3,1,1,2.3,1,1.15,1.15,1,1,1,1,1,1,1,1,1,0,0,0,0,0,0,3,1.12,1,1.15,1,1,0.25
1404,[Normal] Blunt +4,1.16,1.16,1.16,1.16,1.4,1,1,2.4,1,1.2,1.2,1,1,1,1,1,1,1,1,1,0,0,0,0,0,0,4,1.16,1,1.2,1,1,0.25
1405,[Normal] Blunt +5,1.2,1.2,1.2,1.2,1.5,1,1,2.5,1,1.25,1.25,1,1,1,1,1,1,1,1,1,0,0,0,0,0,0,5,1.2,1,1.25,1,1,0.25
1406,[Normal] Blunt +6,1.24,1.24,1.24,1.24,1.6,1,1,2.6,1,1.3,1.3,1,1,1,1,1,1,1,1,1,0,0,0,0,0,0,6,1.24,1,1.3,1,1,0.25
1407,[Normal] Blunt +7,1.28,1.28,1.28,1.28,1.7,1,1,2.7,1,1.35,1.35,1,1,1,1,1,1,1,1,1,0,0,0,0,0,0,7,1.28,1,1.35,1,1,0.25
1408,[Normal] Blunt +8,1.32,1.32,1.32,1.32,1.8,1,1,2.8,1,1.4,1.4,1,1,1,1,1,1,1,1,1,0,0,0,0,0,0,8,1.32,1,1.4,1,1,0.25
1409,[Normal] Blunt +9,1.36,1.36,1.36,1.36,1.9,1,1,2.9,1,1.45,1.45,1,1,1,1,1,1,1,1,1,0,0,0,0,0,0,9,1.36,1,1.45,1,1,0.25
1410,[Normal] Blunt +10,1.4,1.4,1.4,1.4,2,1,1,3,1,1.5,1.5,1,1,1,1,1,1,1,1,1,0,0,0,0,0,0,10,1.4,1,1.5,1,1,0.25
1411,[Normal] Blunt +11,1.44,1.44,1.44,1.44,2.1,1,1,3.1,1,1.6,1.6,1,1,1,1,1,1,1,1,1,0,0,0,0,0,0,11,1.44,1,1.6,1,1,0.25
1412,[Normal] Blunt +12,1.48,1.48,1.48,1.48,2.2,1,1,3.2,1,1.7,1.7,1,1,1,1,1,1,1,1,1,0,0,0,0,0,0,12,1.48,1,1.7,1,1,0.25
1413,[Normal] Blunt +13,1.52,1.52,1.52,1.52,2.3,1,1,3.3,1,1.8,1.8,1,1,1,1,1,1,1,1,1,0,0,0,0,0,0,13,1.52,1,1.8,1,1,0.25
1414,[Normal] Blunt +14,1.56,1.56,1.56,1.56,2.4,1,1,3.4,1,1.9,1.9,1,1,1,1,1,1,1,1,1,0,0,0,0,0,0,14,1.56,1,1.9,1,1,0.25
1415,[Normal] Blunt +15,1.6,1.6,1.6,1.6,2.1,1,1,3.5,1,2,2,1,1,1,1,1,1,1,1,1,0,0,0,0,0,0,15,1.6,1,2,1,1,0.25
2000,[Unique] Stock +0,1.4,1.4,1.4,1.4,1,1,1,1,1,1,1,1,1,1,1,1,1,1,1,1,0,0,0,0,0,0,0,1.4,1,1,1,1,1
2001,[Unique] Stock +1,1.48,1.48,1.48,1.48,1.2,1,1,1.1,1.1,1.1,1.1,1,1,1,1,1,1,1,1,1,0,0,0,0,0,0,1,1.48,1,1.1,1,1,1
2002,[Unique] Stock +2,1.56,1.56,1.56,1.56,1.4,1,1,1.2,1.2,1.2,1.2,1,1,1,1,1,1,1,1,1,0,0,0,0,0,0,2,1.56,1,1.2,1,1,1
2003,[Unique] Stock +3,1.64,1.64,1.64,1.64,1.6,1,1,1.3,1.3,1.3,1.3,1,1,1,1,1,1,1,1,1,0,0,0,0,0,0,3,1.64,1,1.3,1,1,1
2004,[Unique] Stock +4,1.72,1.72,1.72,1.72,1.8,1,1,1.4,1.4,1.4,1.4,1,1,1,1,1,1,1,1,1,0,0,0,0,0,0,4,1.72,1,1.4,1,1,1
2005,[Unique] Stock +5,1.8,1.8,1.8,1.8,2,1,1,1.5,1.5,1.5,1.5,1,1,1,1,1,1,1,1,1,0,0,0,0,0,0,5,1.8,1,1.5,1,1,1
2006,[Unique] Stock +6,1.84,1.84,1.84,1.84,2.1,1,1,1.6,1.6,1.6,1.6,1,1,1,1,1,1,1,1,1,0,0,0,0,0,0,6,1.84,1,1.6,1,1,1
2007,[Unique] Stock +7,1.88,1.88,1.88,1.88,2.2,1,1,1.7,1.7,1.7,1.7,1,1,1,1,1,1,1,1,1,0,0,0,0,0,0,7,1.88,1,1.7,1,1,1
2008,[Unique] Stock +8,1.92,1.92,1.92,1.92,2.3,1,1,1.8,1.8,1.8,1.8,1,1,1,1,1,1,1,1,1,0,0,0,0,0,0,8,1.92,1,1.8,1,1,1
2009,[Unique] Stock +9,1.96,1.96,1.96,1.96,2.4,1,1,1.9,1.9,1.9,1.9,1,1,1,1,1,1,1,1,1,0,0,0,0,0,0,9,1.96,1,1.9,1,1,1
2010,[Unique] Stock +10,2,2,2,2,2.5,1,1,2,2,2,2,1,1,1,1,1,1,1,1,1,0,0,0,0,0,0,10,2,1,2,1,1,1
2100,[Unique] Lethal +0,1,1,1,1,1,1,1,1.5,1.5,1,1,1,1,1,1,1,1,1,1,1,0,0,0,0,0,0,0,1,1,1,1,1,1
2101,[Unique] Lethal +1,1.08,1.08,1.08,1.08,1.2,1,1,1.6,1.6,1.1,1.1,1,1,1,1,1,1,1,1,1,0,0,0,0,0,0,1,1.08,1,1.1,1,1,1
2102,[Unique] Lethal +2,1.16,1.16,1.16,1.16,1.4,1,1,1.7,1.7,1.2,1.2,1,1,1,1,1,1,1,1,1,0,0,0,0,0,0,2,1.16,1,1.2,1,1,1
2103,[Unique] Lethal +3,1.24,1.24,1.24,1.24,1.6,1,1,1.8,1.8,1.3,1.3,1,1,1,1,1,1,1,1,1,0,0,0,0,0,0,3,1.24,1,1.3,1,1,1
2104,[Unique] Lethal +4,1.32,1.32,1.32,1.32,1.8,1,1,1.9,1.9,1.4,1.4,1,1,1,1,1,1,1,1,1,0,0,0,0,0,0,4,1.32,1,1.4,1,1,1
2105,[Unique] Lethal +5,1.4,1.4,1.4,1.4,2,1,1,2,2,1.5,1.5,1,1,1,1,1,1,1,1,1,0,0,0,0,0,0,5,1.4,1,1.5,1,1,1
2106,[Unique] Lethal +6,1.44,1.44,1.44,1.44,2.1,1,1,2.1,2.1,1.6,1.6,1,1,1,1,1,1,1,1,1,0,0,0,0,0,0,6,1.44,1,1.6,1,1,1
2107,[Unique] Lethal +7,1.48,1.48,1.48,1.48,2.2,1,1,2.2,2.2,1.7,1.7,1,1,1,1,1,1,1,1,1,0,0,0,0,0,0,7,1.48,1,1.7,1,1,1
2108,[Unique] Lethal +8,1.52,1.52,1.52,1.52,2.3,1,1,2.3,2.3,1.8,1.8,1,1,1,1,1,1,1,1,1,0,0,0,0,0,0,8,1.52,1,1.8,1,1,1
2109,[Unique] Lethal +9,1.56,1.56,1.56,1.56,2.4,1,1,2.4,2.4,1.9,1.9,1,1,1,1,1,1,1,1,1,0,0,0,0,0,0,9,1.56,1,1.9,1,1,1
2110,[Unique] Lethal +10,1.6,1.6,1.6,1.6,2.5,1,1,2.5,2.5,2,2,1,1,1,1,1,1,1,1,1,0,0,0,0,0,0,10,1.6,1,2,1,1,1
2200,[Unique] Curse +0,1.4,1.4,1.4,1.4,1,1,1,0.8,0.8,0.8,0.8,1,1,1,1,1,1,1,1.1,1,0,0,0,0,0,0,0,1.4,1,0.8,1,1,1
2201,[Unique] Curse +1,1.48,1.48,1.48,1.48,1.2,1,1,0.9,0.9,0.9,0.9,1,1,1,1,1,1,1,1.12,1,0,0,0,0,0,0,1,1.48,1,0.9,1,1,1
2202,[Unique] Curse +2,1.56,1.56,1.56,1.56,1.4,1,1,1,1,1,1,1,1,1,1,1,1,1,1.14,1,0,0,0,0,0,0,2,1.56,1,1,1,1,1
2203,[Unique] Curse +3,1.64,1.64,1.64,1.64,1.6,1,1,1.1,1.1,1.1,1.1,1,1,1,1,1,1,1,1.16,1,0,0,0,0,0,0,3,1.64,1,1.1,1,1,1
2204,[Unique] Curse +4,1.72,1.72,1.72,1.72,1.8,1,1,1.2,1.2,1.2,1.2,1,1,1,1,1,1,1,1.18,1,0,0,0,0,0,0,4,1.72,1,1.2,1,1,1
2205,[Unique] Curse +5,1.8,1.8,1.8,1.8,2,1,1,1.3,1.3,1.3,1.3,1,1,1,1,1,1,1,1.2,1,0,0,0,0,0,0,5,1.8,1,1.3,1,1,1
2206,[Unique] Curse +6,1.84,1.84,1.84,1.84,2.1,1,1,1.4,1.4,1.4,1.4,1,1,1,1,1,1,1,1.2,1,0,0,0,0,0,0,6,1.84,1,1.4,1,1,1
2207,[Unique] Curse +7,1.88,1.88,1.88,1.88,2.2,1,1,1.5,1.5,1.5,1.5,1,1,1,1,1,1,1,1.2,1,0,0,0,0,0,0,7,1.88,1,1.5,1,1,1
2208,[Unique] Curse +8,1.92,1.92,1.92,1.92,2.3,1,1,1.6,1.6,1.6,1.6,1,1,1,1,1,1,1,1.2,1,0,0,0,0,0,0,8,1.92,1,1.6,1,1,1
2209,[Unique] Curse +9,1.96,1.96,1.96,1.96,2.4,1,1,1.7,1.7,1.7,1.7,1,1,1,1,1,1,1,1.2,1,0,0,0,0,0,0,9,1.96,1,1.7,1,1,1
2210,[Unique] Curse +10,2,2,2,2,2.5,1,1,1.8,1.8,1.8,1.8,1,1,1,1,1,1,1,1.2,1,0,0,0,0,0,0,10,2,1,1.8,1,1,1
2300,[Unique] Poison +0,1.4,1.4,1.4,1.4,1,1,1,0.8,0.8,0.8,0.8,1,1,1,1,1.1,1.1,1,1,1,0,0,0,0,0,0,0,1.4,1,0.8,1,1,1
2301,[Unique] Poison +1,1.48,1.48,1.48,1.48,1.2,1,1,0.9,0.9,0.9,0.9,1,1,1,1,1.12,1.12,1,1,1,0,0,0,0,0,0,1,1.48,1,0.9,1,1,1
2302,[Unique] Poison +2,1.56,1.56,1.56,1.56,1.4,1,1,1,1,1,1,1,1,1,1,1.14,1.14,1,1,1,0,0,0,0,0,0,2,1.56,1,1,1,1,1
2303,[Unique] Poison +3,1.64,1.64,1.64,1.64,1.6,1,1,1.1,1.1,1.1,1.1,1,1,1,1,1.16,1.16,1,1,1,0,0,0,0,0,0,3,1.64,1,1.1,1,1,1
2304,[Unique] Poison +4,1.72,1.72,1.72,1.72,1.8,1,1,1.2,1.2,1.2,1.2,1,1,1,1,1.18,1.18,1,1,1,0,0,0,0,0,0,4,1.72,1,1.2,1,1,1
2305,[Unique] Poison +5,1.8,1.8,1.8,1.8,2,1,1,1.3,1.3,1.3,1.3,1,1,1,1,1.2,1.2,1,1,1,0,0,0,0,0,0,5,1.8,1,1.3,1,1,1
2306,[Unique] Poison +6,1.84,1.84,1.84,1.84,2.1,1,1,1.4,1.4,1.4,1.4,1,1,1,1,1.2,1.2,1,1,1,0,0,0,0,0,0,6,1.84,1,1.4,1,1,1
2307,[Unique] Poison +7,1.88,1.88,1.88,1.88,2.2,1,1,1.5,1.5,1.5,1.5,1,1,1,1,1.2,1.2,1,1,1,0,0,0,0,0,0,7,1.88,1,1.5,1,1,1
2308,[Unique] Poison +8,1.92,1.92,1.92,1.92,2.3,1,1,1.6,1.6,1.6,1.6,1,1,1,1,1.2,1.2,1,1,1,0,0,0,0,0,0,8,1.92,1,1.6,1,1,1
2309,[Unique] Poison +9,1.96,1.96,1.96,1.96,2.4,1,1,1.7,1.7,1.7,1.7,1,1,1,1,1.2,1.2,1,1,1,0,0,0,0,0,0,9,1.96,1,1.7,1,1,1
2310,[Unique] Poison +10,2,2,2,2,2.5,1,1,1.8,1.8,1.8,1.8,1,1,1,1,1.2,1.2,1,1,1,0,0,0,0,0,0,10,2,1,1.8,1,1,1
2400,[Unique] Bleed +0,1.4,1.4,1.4,1.4,1,1,1,0.8,0.8,0.8,0.8,1,1,1,1,1,1,1.1,1,1,0,0,0,0,0,0,0,1.4,1,0.8,1,1,1
2401,[Unique] Bleed +1,1.48,1.48,1.48,1.48,1.2,1,1,0.9,0.9,0.9,0.9,1,1,1,1,1,1,1.12,1,1,0,0,0,0,0,0,1,1.48,1,0.9,1,1,1
2402,[Unique] Bleed +2,1.56,1.56,1.56,1.56,1.4,1,1,1,1,1,1,1,1,1,1,1,1,1.14,1,1,0,0,0,0,0,0,2,1.56,1,1,1,1,1
2403,[Unique] Bleed +3,1.64,1.64,1.64,1.64,1.6,1,1,1.1,1.1,1.1,1.1,1,1,1,1,1,1,1.16,1,1,0,0,0,0,0,0,3,1.64,1,1.1,1,1,1
2404,[Unique] Bleed +4,1.72,1.72,1.72,1.72,1.8,1,1,1.2,1.2,1.2,1.2,1,1,1,1,1,1,1.18,1,1,0,0,0,0,0,0,4,1.72,1,1.2,1,1,1
2405,[Unique] Bleed +5,1.8,1.8,1.8,1.8,2,1,1,1.3,1.3,1.3,1.3,1,1,1,1,1,1,1.2,1,1,0,0,0,0,0,0,5,1.8,1,1.3,1,1,1
2406,[Unique] Bleed +6,1.84,1.84,1.84,1.84,2.1,1,1,1.4,1.4,1.4,1.4,1,1,1,1,1,1,1.2,1,1,0,0,0,0,0,0,6,1.84,1,1.4,1,1,1
2407,[Unique] Bleed +7,1.88,1.88,1.88,1.88,2.2,1,1,1.5,1.5,1.5,1.5,1,1,1,1,1,1,1.2,1,1,0,0,0,0,0,0,7,1.88,1,1.5,1,1,1
2408,[Unique] Bleed +8,1.92,1.92,1.92,1.92,2.3,1,1,1.6,1.6,1.6,1.6,1,1,1,1,1,1,1.2,1,1,0,0,0,0,0,0,8,1.92,1,1.6,1,1,1
2409,[Unique] Bleed +9,1.96,1.96,1.96,1.96,2.4,1,1,1.7,1.7,1.7,1.7,1,1,1,1,1,1,1.2,1,1,0,0,0,0,0,0,9,1.96,1,1.7,1,1,1
2410,[Unique] Bleed +10,2,2,2,2,2.5,1,1,1.8,1.8,1.8,1.8,1,1,1,1,1,1,1.2,1,1,0,0,0,0,0,0,10,2,1,1.8,1,1,1
2500,[Unique] Frost +0,1.4,1.4,1.4,1.4,1,1,1,0.8,0.8,0.8,0.8,1,1,1,1,1,1,1,1,1,0,0,0,0,0,0,0,1.4,1,0.8,1,1.1,1
2501,[Unique] Frost +1,1.48,1.48,1.48,1.48,1.2,1,1,0.9,0.9,0.9,0.9,1,1,1,1,1,1,1,1,1,0,0,0,0,0,0,1,1.48,1,0.9,1,1.12,1
2502,[Unique] Frost +2,1.56,1.56,1.56,1.56,1.4,1,1,1,1,1,1,1,1,1,1,1,1,1,1,1,0,0,0,0,0,0,2,1.56,1,1,1,1.14,1
2503,[Unique] Frost +3,1.64,1.64,1.64,1.64,1.6,1,1,1.1,1.1,1.1,1.1,1,1,1,1,1,1,1,1,1,0,0,0,0,0,0,3,1.64,1,1.1,1,1.16,1
2504,[Unique] Frost +4,1.72,1.72,1.72,1.72,1.8,1,1,1.2,1.2,1.2,1.2,1,1,1,1,1,1,1,1,1,0,0,0,0,0,0,4,1.72,1,1.2,1,1.18,1
2505,[Unique] Frost +5,1.8,1.8,1.8,1.8,2,1,1,1.3,1.3,1.3,1.3,1,1,1,1,1,1,1,1,1,0,0,0,0,0,0,5,1.8,1,1.3,1,1.2,1
2506,[Unique] Frost +6,1.84,1.84,1.84,1.84,2.1,1,1,1.4,1.4,1.4,1.4,1,1,1,1,1,1,1,1,1,0,0,0,0,0,0,6,1.84,1,1.4,1,1.2,1
2507,[Unique] Frost +7,1.88,1.88,1.88,1.88,2.2,1,1,1.5,1.5,1.5,1.5,1,1,1,1,1,1,1,1,1,0,0,0,0,0,0,7,1.88,1,1.5,1,1.2,1
2508,[Unique] Frost +8,1.92,1.92,1.92,1.92,2.3,1,1,1.6,1.6,1.6,1.6,1,1,1,1,1,1,1,1,1,0,0,0,0,0,0,8,1.92,1,1.6,1,1.2,1
2509,[Unique] Frost +9,1.96,1.96,1.96,1.96,2.4,1,1,1.7,1.7,1.7,1.7,1,1,1,1,1,1,1,1,1,0,0,0,0,0,0,9,1.96,1,1.7,1,1.2,1
2510,[Unique] Frost +10,2,2,2,2,2.5,1,1,1.8,1.8,1.8,1.8,1,1,1,1,1,1,1,1,1,0,0,0,0,0,0,10,2,1,1.8,1,1.2,1
2600,[Unique] Magic +0,1,1.1,1.1,1.1,1,1,1,1,1,1,1,1,1,1,1,1,1,1,1,1,0,0,0,0,0,0,0,1.1,1,1,1,1,1
2601,[Unique] Magic +1,1.02,1.14,1.14,1.14,1.2,1,1,1.1,1.1,1.1,1.1,1,1,1,1,1,1,1,1,1,0,0,0,0,0,0,1,1.14,1,1.1,1,1,1
2602,[Unique] Magic +2,1.04,1.18,1.18,1.18,1.4,1,1,1.2,1.2,1.2,1.2,1,1,1,1,1,1,1,1,1,0,0,0,0,0,0,2,1.18,1,1.2,1,1,1
2603,[Unique] Magic +3,1.06,1.22,1.22,1.22,1.6,1,1,1.3,1.3,1.3,1.3,1,1,1,1,1,1,1,1,1,0,0,0,0,0,0,3,1.22,1,1.3,1,1,1
2604,[Unique] Magic +4,1.08,1.26,1.26,1.26,1.8,1,1,1.4,1.4,1.4,1.4,1,1,1,1,1,1,1,1,1,0,0,0,0,0,0,4,1.26,1,1.4,1,1,1
2605,[Unique] Magic +5,1.1,1.3,1.3,1.3,2,1,1,1.5,1.5,1.5,1.5,1,1,1,1,1,1,1,1,1,0,0,0,0,0,0,5,1.3,1,1.5,1,1,1
2606,[Unique] Magic +6,1.14,1.34,1.34,1.34,2.1,1,1,1.6,1.6,1.6,1.6,1,1,1,1,1,1,1,1,1,0,0,0,0,0,0,6,1.34,1,1.6,1,1,1
2607,[Unique] Magic +7,1.18,1.38,1.38,1.38,2.2,1,1,1.7,1.7,1.7,1.7,1,1,1,1,1,1,1,1,1,0,0,0,0,0,0,7,1.38,1,1.7,1,1,1
2608,[Unique] Magic +8,1.22,1.42,1.42,1.42,2.3,1,1,1.8,1.8,1.8,1.8,1,1,1,1,1,1,1,1,1,0,0,0,0,0,0,8,1.42,1,1.8,1,1,1
2609,[Unique] Magic +9,1.26,1.46,1.46,1.46,2.4,1,1,1.9,1.9,1.9,1.9,1,1,1,1,1,1,1,1,1,0,0,0,0,0,0,9,1.46,1,1.9,1,1,1
2610,[Unique] Magic +10,1.3,1.5,1.5,1.5,2.5,1,1,2,2,2,2,1,1,1,1,1,1,1,1,1,0,0,0,0,0,0,10,1.5,1,2,1,1,1
2700,[Unique] Fire +0,1,1.1,1.1,1.1,1,1,1,1,1,1.25,1.25,1,1,1,1,1,1,1,1,1,0,0,0,0,0,0,0,1.1,1,1,1,1,1
2701,[Unique] Fire +1,1.02,1.14,1.14,1.14,1.2,1,1,1.1,1.1,1.35,1.35,1,1,1,1,1,1,1,1,1,0,0,0,0,0,0,1,1.14,1,1.1,1,1,1
2702,[Unique] Fire +2,1.04,1.18,1.18,1.18,1.4,1,1,1.2,1.2,1.45,1.45,1,1,1,1,1,1,1,1,1,0,0,0,0,0,0,2,1.18,1,1.2,1,1,1
2703,[Unique] Fire +3,1.06,1.22,1.22,1.22,1.6,1,1,1.3,1.3,1.55,1.55,1,1,1,1,1,1,1,1,1,0,0,0,0,0,0,3,1.22,1,1.3,1,1,1
2704,[Unique] Fire +4,1.08,1.26,1.26,1.26,1.8,1,1,1.4,1.4,1.65,1.65,1,1,1,1,1,1,1,1,1,0,0,0,0,0,0,4,1.26,1,1.4,1,1,1
2705,[Unique] Fire +5,1.1,1.3,1.3,1.3,2,1,1,1.5,1.5,1.75,1.75,1,1,1,1,1,1,1,1,1,0,0,0,0,0,0,5,1.3,1,1.5,1,1,1
2706,[Unique] Fire +6,1.14,1.34,1.34,1.34,2.1,1,1,1.6,1.6,1.85,1.85,1,1,1,1,1,1,1,1,1,0,0,0,0,0,0,6,1.34,1,1.6,1,1,1
2707,[Unique] Fire +7,1.18,1.38,1.38,1.38,2.2,1,1,1.7,1.7,1.95,1.95,1,1,1,1,1,1,1,1,1,0,0,0,0,0,0,7,1.38,1,1.7,1,1,1
2708,[Unique] Fire +8,1.22,1.42,1.42,1.42,2.3,1,1,1.8,1.8,2.05,2.05,1,1,1,1,1,1,1,1,1,0,0,0,0,0,0,8,1.42,1,1.8,1,1,1
2709,[Unique] Fire +9,1.26,1.46,1.46,1.46,2.4,1,1,1.9,1.9,2.15,2.15,1,1,1,1,1,1,1,1,1,0,0,0,0,0,0,9,1.46,1,1.9,1,1,1
2710,[Unique] Fire +10,1.3,1.5,1.5,1.5,2.5,1,1,2,2,2.25,2.25,1,1,1,1,1,1,1,1,1,0,0,0,0,0,0,10,1.5,1,2,1,1,1
2800,[Unique] Lightning +0,1,1.1,1.1,1.1,1,1,1,1,1,1,1,1,1,1,1,1,1,1,1,1,0,0,0,0,0,0,0,1.1,1,1,1,1,1
2801,[Unique] Lightning +1,1.02,1.14,1.14,1.14,1.2,1,1,1.1,1.1,1.1,1.1,1,1,1,1,1,1,1,1,1,0,0,0,0,0,0,1,1.14,1,1.1,1,1,1
2802,[Unique] Lightning +2,1.04,1.18,1.18,1.18,1.4,1,1,1.2,1.2,1.2,1.2,1,1,1,1,1,1,1,1,1,0,0,0,0,0,0,2,1.18,1,1.2,1,1,1
2803,[Unique] Lightning +3,1.06,1.22,1.22,1.22,1.6,1,1,1.3,1.3,1.3,1.3,1,1,1,1,1,1,1,1,1,0,0,0,0,0,0,3,1.22,1,1.3,1,1,1
2804,[Unique] Lightning +4,1.08,1.26,1.26,1.26,1.8,1,1,1.4,1.4,1.4,1.4,1,1,1,1,1,1,1,1,1,0,0,0,0,0,0,4,1.26,1,1.4,1,1,1
2805,[Unique] Lightning +5,1.1,1.3,1.3,1.3,2,1,1,1.5,1.5,1.5,1.5,1,1,1,1,1,1,1,1,1,0,0,0,0,0,0,5,1.3,1,1.5,1,1,1
2806,[Unique] Lightning +6,1.14,1.34,1.34,1.34,2.1,1,1,1.6,1.6,1.6,1.6,1,1,1,1,1,1,1,1,1,0,0,0,0,0,0,6,1.34,1,1.6,1,1,1
2807,[Unique] Lightning +7,1.18,1.38,1.38,1.38,2.2,1,1,1.7,1.7,1.7,1.7,1,1,1,1,1,1,1,1,1,0,0,0,0,0,0,7,1.38,1,1.7,1,1,1
2808,[Unique] Lightning +8,1.22,1.42,1.42,1.42,2.3,1,1,1.8,1.8,1.8,1.8,1,1,1,1,1,1,1,1,1,0,0,0,0,0,0,8,1.42,1,1.8,1,1,1
2809,[Unique] Lightning +9,1.26,1.46,1.46,1.46,2.4,1,1,1.9,1.9,1.9,1.9,1,1,1,1,1,1,1,1,1,0,0,0,0,0,0,9,1.46,1,1.9,1,1,1
2810,[Unique] Lightning +10,1.3,1.5,1.5,1.5,2.5,1,1,2,2,2,2,1,1,1,1,1,1,1,1,1,0,0,0,0,0,0,10,1.5,1,2,1,1,1
2900,[Unique] Dark +0,1,1.1,1.1,1.1,1,1,1,1,1,1.25,1.25,1,1,1,1,1,1,1,1,1,0,0,0,0,0,0,0,1.1,1,1,1,1,1
2901,[Unique] Dark +1,1.02,1.14,1.14,1.14,1.2,1,1,1.1,1.1,1.35,1.35,1,1,1,1,1,1,1,1,1,0,0,0,0,0,0,1,1.14,1,1.1,1,1,1
2902,[Unique] Dark +2,1.04,1.18,1.18,1.18,1.4,1,1,1.2,1.2,1.45,1.45,1,1,1,1,1,1,1,1,1,0,0,0,0,0,0,2,1.18,1,1.2,1,1,1
2903,[Unique] Dark +3,1.06,1.22,1.22,1.22,1.6,1,1,1.3,1.3,1.55,1.55,1,1,1,1,1,1,1,1,1,0,0,0,0,0,0,3,1.22,1,1.3,1,1,1
2904,[Unique] Dark +4,1.08,1.26,1.26,1.26,1.8,1,1,1.4,1.4,1.65,1.65,1,1,1,1,1,1,1,1,1,0,0,0,0,0,0,4,1.26,1,1.4,1,1,1
2905,[Unique] Dark +5,1.1,1.3,1.3,1.3,2,1,1,1.5,1.5,1.75,1.75,1,1,1,1,1,1,1,1,1,0,0,0,0,0,0,5,1.3,1,1.5,1,1,1
2906,[Unique] Dark +6,1.14,1.34,1.34,1.34,2.1,1,1,1.6,1.6,1.85,1.85,1,1,1,1,1,1,1,1,1,0,0,0,0,0,0,6,1.34,1,1.6,1,1,1
2907,[Unique] Dark +7,1.18,1.38,1.38,1.38,2.2,1,1,1.7,1.7,1.95,1.95,1,1,1,1,1,1,1,1,1,0,0,0,0,0,0,7,1.38,1,1.7,1,1,1
2908,[Unique] Dark +8,1.22,1.42,1.42,1.42,2.3,1,1,1.8,1.8,2.05,2.05,1,1,1,1,1,1,1,1,1,0,0,0,0,0,0,8,1.42,1,1.8,1,1,1
2909,[Unique] Dark +9,1.26,1.46,1.46,1.46,2.4,1,1,1.9,1.9,2.15,2.15,1,1,1,1,1,1,1,1,1,0,0,0,0,0,0,9,1.46,1,1.9,1,1,1
2910,[Unique] Dark +10,1.3,1.5,1.5,1.5,2.5,1,1,2,2,2.25,2.25,1,1,1,1,1,1,1,1,1,0,0,0,0,0,0,10,1.5,1,2,1,1,1
3000,[Unique] Lucky +0,1,1,1,1,1,1,1,1,1,1,1,1,1,1,1,1,1,1,1,1,0,0,0,0,0,0,0,1,1,1,1,1,1
3001,[Unique] Lucky +1,1.06,1.06,1.06,1.06,1.2,1,1,1.1,1.1,1.1,1.1,1,1,1,1,1,1,1,1,1,0,0,0,0,0,0,1,1.06,1,1.1,1,1,1
3002,[Unique] Lucky +2,1.12,1.12,1.12,1.12,1.4,1,1,1.2,1.2,1.2,1.2,1,1,1,1,1,1,1,1,1,0,0,0,0,0,0,2,1.12,1,1.2,1,1,1
3003,[Unique] Lucky +3,1.18,1.18,1.18,1.18,1.6,1,1,1.3,1.3,1.3,1.3,1,1,1,1,1,1,1,1,1,0,0,0,0,0,0,3,1.18,1,1.3,1,1,1
3004,[Unique] Lucky +4,1.24,1.24,1.24,1.24,1.8,1,1,1.4,1.4,1.4,1.4,1,1,1,1,1,1,1,1,1,0,0,0,0,0,0,4,1.24,1,1.4,1,1,1
3005,[Unique] Lucky +5,1.3,1.3,1.3,1.3,2,1,1,1.5,1.5,1.5,1.5,1,1,1,1,1,1,1,1,1,0,0,0,0,0,0,5,1.3,1,1.5,1,1,1
3006,[Unique] Lucky +6,1.34,1.34,1.34,1.34,2.1,1,1,1.6,1.6,1.6,1.6,1,1,1,1,1,1,1,1,1,0,0,0,0,0,0,6,1.34,1,1.6,1,1,1
3007,[Unique] Lucky +7,1.38,1.38,1.38,1.38,2.2,1,1,1.7,1.7,1.7,1.7,1,1,1,1,1,1,1,1,1,0,0,0,0,0,0,7,1.38,1,1.7,1,1,1
3008,[Unique] Lucky +8,1.42,1.42,1.42,1.42,2.3,1,1,1.8,1.8,1.8,1.8,1,1,1,1,1,1,1,1,1,0,0,0,0,0,0,8,1.42,1,1.8,1,1,1
3009,[Unique] Lucky +9,1.46,1.46,1.46,1.46,2.4,1,1,1.9,1.9,1.9,1.9,1,1,1,1,1,1,1,1,1,0,0,0,0,0,0,9,1.46,1,1.9,1,1,1
3010,[Unique] Lucky +10,1.5,1.5,1.5,1.5,2.5,1,1,2,2,2,2,1,1,1,1,1,1,1,1,1,0,0,0,0,0,0,10,1.5,1,2,1,1,1
3100,[Unique] Enchanted +0,1,1,1,1,1,1,1,1,1,1,1,1,1,1,1,1,1,1,1,1,0,0,0,0,0,0,0,1,1,1,1,1,1
3101,[Unique] Enchanted +1,1.06,1.06,1.06,1.06,1.2,1,1,1.1,1.1,1.1,1.1,1,1,1,1,1,1,1,1,1,0,0,0,0,0,0,1,1.06,1,1.1,1,1,1
3102,[Unique] Enchanted +2,1.12,1.12,1.12,1.12,1.4,1,1,1.2,1.2,1.2,1.2,1,1,1,1,1,1,1,1,1,0,0,0,0,0,0,2,1.12,1,1.2,1,1,1
3103,[Unique] Enchanted +3,1.18,1.18,1.18,1.18,1.6,1,1,1.3,1.3,1.3,1.3,1,1,1,1,1,1,1,1,1,0,0,0,0,0,0,3,1.18,1,1.3,1,1,1
3104,[Unique] Enchanted +4,1.24,1.24,1.24,1.24,1.8,1,1,1.4,1.4,1.4,1.4,1,1,1,1,1,1,1,1,1,0,0,0,0,0,0,4,1.24,1,1.4,1,1,1
3105,[Unique] Enchanted +5,1.3,1.3,1.3,1.3,2,1,1,1.5,1.5,1.5,1.5,1,1,1,1,1,1,1,1,1,0,0,0,0,0,0,5,1.3,1,1.5,1,1,1
3106,[Unique] Enchanted +6,1.34,1.34,1.34,1.34,2.1,1,1,1.6,1.6,1.6,1.6,1,1,1,1,1,1,1,1,1,0,0,0,0,0,0,6,1.34,1,1.6,1,1,1
3107,[Unique] Enchanted +7,1.38,1.38,1.38,1.38,2.2,1,1,1.7,1.7,1.7,1.7,1,1,1,1,1,1,1,1,1,0,0,0,0,0,0,7,1.38,1,1.7,1,1,1
3108,[Unique] Enchanted +8,1.42,1.42,1.42,1.42,2.3,1,1,1.8,1.8,1.8,1.8,1,1,1,1,1,1,1,1,1,0,0,0,0,0,0,8,1.42,1,1.8,1,1,1
3109,[Unique] Enchanted +9,1.46,1.46,1.46,1.46,2.4,1,1,1.9,1.9,1.9,1.9,1,1,1,1,1,1,1,1,1,0,0,0,0,0,0,9,1.46,1,1.9,1,1,1
3110,[Unique] Enchanted +10,1.5,1.5,1.5,1.5,2.5,1,1,2,2,2,2,1,1,1,1,1,1,1,1,1,0,0,0,0,0,0,10,1.5,1,2,1,1,1
3200,[Unique] Holy +0,1,1,1,1,1,1,1,1,1,1,1,1,1,1,1,1,1,1,1,1,0,0,0,0,0,0,0,1,1,1,1,1,1
3201,[Unique] Holy +1,1.06,1.06,1.06,1.06,1.2,1,1,1.1,1.1,1.1,1.1,1,1,1,1,1,1,1,1,1,0,0,0,0,0,0,1,1.06,1,1.1,1,1,1
3202,[Unique] Holy +2,1.12,1.12,1.12,1.12,1.4,1,1,1.2,1.2,1.2,1.2,1,1,1,1,1,1,1,1,1,0,0,0,0,0,0,2,1.12,1,1.2,1,1,1
3203,[Unique] Holy +3,1.18,1.18,1.18,1.18,1.6,1,1,1.3,1.3,1.3,1.3,1,1,1,1,1,1,1,1,1,0,0,0,0,0,0,3,1.18,1,1.3,1,1,1
3204,[Unique] Holy +4,1.24,1.24,1.24,1.24,1.8,1,1,1.4,1.4,1.4,1.4,1,1,1,1,1,1,1,1,1,0,0,0,0,0,0,4,1.24,1,1.4,1,1,1
3205,[Unique] Holy +5,1.3,1.3,1.3,1.3,2,1,1,1.5,1.5,1.5,1.5,1,1,1,1,1,1,1,1,1,0,0,0,0,0,0,5,1.3,1,1.5,1,1,1
3206,[Unique] Holy +6,1.34,1.34,1.34,1.34,2.1,1,1,1.6,1.6,1.6,1.6,1,1,1,1,1,1,1,1,1,0,0,0,0,0,0,6,1.34,1,1.6,1,1,1
3207,[Unique] Holy +7,1.38,1.38,1.38,1.38,2.2,1,1,1.7,1.7,1.7,1.7,1,1,1,1,1,1,1,1,1,0,0,0,0,0,0,7,1.38,1,1.7,1,1,1
3208,[Unique] Holy +8,1.42,1.42,1.42,1.42,2.3,1,1,1.8,1.8,1.8,1.8,1,1,1,1,1,1,1,1,1,0,0,0,0,0,0,8,1.42,1,1.8,1,1,1
3209,[Unique] Holy +9,1.46,1.46,1.46,1.46,2.4,1,1,1.9,1.9,1.9,1.9,1,1,1,1,1,1,1,1,1,0,0,0,0,0,0,9,1.46,1,1.9,1,1,1
3210,[Unique] Holy +10,1.5,1.5,1.5,1.5,2.5,1,1,2,2,2,2,1,1,1,1,1,1,1,1,1,0,0,0,0,0,0,10,1.5,1,2,1,1,1
3300,[Unique] Sharp +0,1,1,1,1,1,1,1,1,2,1,1,1,1,1,1,1,1,1,1,1,0,0,0,0,0,0,0,1,1,1,1,1,1
3301,[Unique] Sharp +1,1.08,1.08,1.08,1.08,1.2,1,1,1,2.2,1.1,1.1,1,1,1,1,1,1,1,1,1,0,0,0,0,0,0,1,1.08,1,1.1,1,1,1
3302,[Unique] Sharp +2,1.16,1.16,1.16,1.16,1.4,1,1,1,2.4,1.2,1.2,1,1,1,1,1,1,1,1,1,0,0,0,0,0,0,2,1.16,1,1.2,1,1,1
3303,[Unique] Sharp +3,1.24,1.24,1.24,1.24,1.6,1,1,1,2.6,1.3,1.3,1,1,1,1,1,1,1,1,1,0,0,0,0,0,0,3,1.24,1,1.3,1,1,1
3304,[Unique] Sharp +4,1.32,1.32,1.32,1.32,1.8,1,1,1,2.8,1.4,1.4,1,1,1,1,1,1,1,1,1,0,0,0,0,0,0,4,1.32,1,1.4,1,1,1
3305,[Unique] Sharp +5,1.4,1.4,1.4,1.4,2,1,1,1,3,1.5,1.5,1,1,1,1,1,1,1,1,1,0,0,0,0,0,0,5,1.4,1,1.5,1,1,1
3306,[Unique] Sharp +6,1.44,1.44,1.44,1.44,2.1,1,1,1,3.1,1.6,1.6,1,1,1,1,1,1,1,1,1,0,0,0,0,0,0,6,1.44,1,1.6,1,1,1
3307,[Unique] Sharp +7,1.48,1.48,1.48,1.48,2.2,1,1,1,3.2,1.7,1.7,1,1,1,1,1,1,1,1,1,0,0,0,0,0,0,7,1.48,1,1.7,1,1,1
3308,[Unique] Sharp +8,1.52,1.52,1.52,1.52,2.3,1,1,1,3.3,1.8,1.8,1,1,1,1,1,1,1,1,1,0,0,0,0,0,0,8,1.52,1,1.8,1,1,1
3309,[Unique] Sharp +9,1.56,1.56,1.56,1.56,2.4,1,1,1,3.4,1.9,1.9,1,1,1,1,1,1,1,1,1,0,0,0,0,0,0,9,1.56,1,1.9,1,1,1
3310,[Unique] Sharp +10,1.6,1.6,1.6,1.6,2.5,1,1,1,3.5,2,2,1,1,1,1,1,1,1,1,1,0,0,0,0,0,0,10,1.6,1,2,1,1,1
3400,[Unique] Blunt +0,1,1,1,1,1,1,1,2,1,1,1,1,1,1,1,1,1,1,1,1,0,0,0,0,0,0,0,1,1,1,1,1,1
3401,[Unique] Blunt +1,1.08,1.08,1.08,1.08,1.2,1,1,2.2,1,1.1,1.1,1,1,1,1,1,1,1,1,1,0,0,0,0,0,0,1,1.08,1,1.1,1,1,1
3402,[Unique] Blunt +2,1.16,1.16,1.16,1.16,1.4,1,1,2.4,1,1.2,1.2,1,1,1,1,1,1,1,1,1,0,0,0,0,0,0,2,1.16,1,1.2,1,1,1
3403,[Unique] Blunt +3,1.24,1.24,1.24,1.24,1.6,1,1,2.6,1,1.3,1.3,1,1,1,1,1,1,1,1,1,0,0,0,0,0,0,3,1.24,1,1.3,1,1,1
3404,[Unique] Blunt +4,1.32,1.32,1.32,1.32,1.8,1,1,2.8,1,1.4,1.4,1,1,1,1,1,1,1,1,1,0,0,0,0,0,0,4,1.32,1,1.4,1,1,1
3405,[Unique] Blunt +5,1.4,1.4,1.4,1.4,2,1,1,3,1,1.5,1.5,1,1,1,1,1,1,1,1,1,0,0,0,0,0,0,5,1.4,1,1.5,1,1,1
3406,[Unique] Blunt +6,1.44,1.44,1.44,1.44,2.1,1,1,3.1,1,1.6,1.6,1,1,1,1,1,1,1,1,1,0,0,0,0,0,0,6,1.44,1,1.6,1,1,1
3407,[Unique] Blunt +7,1.48,1.48,1.48,1.48,2.2,1,1,3.2,1,1.7,1.7,1,1,1,1,1,1,1,1,1,0,0,0,0,0,0,7,1.48,1,1.7,1,1,1
3408,[Unique] Blunt +8,1.52,1.52,1.52,1.52,2.3,1,1,3.3,1,1.8,1.8,1,1,1,1,1,1,1,1,1,0,0,0,0,0,0,8,1.52,1,1.8,1,1,1
3409,[Unique] Blunt +9,1.56,1.56,1.56,1.56,2.4,1,1,3.4,1,1.9,1.9,1,1,1,1,1,1,1,1,1,0,0,0,0,0,0,9,1.56,1,1.9,1,1,1
3410,[Unique] Blunt +10,1.6,1.6,1.6,1.6,2.5,1,1,3.5,1,2,2,1,1,1,1,1,1,1,1,1,0,0,0,0,0,0,10,1.6,1,2,1,1,1
5000,[Spell Tool] Stock +0,1.4,1.4,1.4,1.4,1,1,1,1,1,1,1,1,1,1,1,1,1,1,1,1,0,0,0,0,0,0,0,1.4,1,1,1,1,1
5001,[Spell Tool] Stock +1,1.48,1.48,1.48,1.48,1.2,1,1,1.2,1.2,1.2,1.2,1,1,1,1,1,1,1,1,1,0,0,0,0,0,0,1,1.48,1,1.2,1,1,1
5002,[Spell Tool] Stock +2,1.56,1.56,1.56,1.56,1.4,1,1,1.4,1.4,1.4,1.4,1,1,1,1,1,1,1,1,1,0,0,0,0,0,0,2,1.56,1,1.4,1,1,1
5003,[Spell Tool] Stock +3,1.64,1.64,1.64,1.64,1.6,1,1,1.6,1.6,1.6,1.6,1,1,1,1,1,1,1,1,1,0,0,0,0,0,0,3,1.64,1,1.6,1,1,1
5004,[Spell Tool] Stock +4,1.72,1.72,1.72,1.72,1.8,1,1,1.8,1.8,1.8,1.8,1,1,1,1,1,1,1,1,1,0,0,0,0,0,0,4,1.72,1,1.8,1,1,1
5005,[Spell Tool] Stock +5,1.8,1.8,1.8,1.8,2,1,1,2,2,2,2,1,1,1,1,1,1,1,1,1,0,0,0,0,0,0,5,1.8,1,2,1,1,1
5006,[Spell Tool] Stock +6,1.84,1.84,1.84,1.84,2.1,1,1,2.2,2.2,2.2,2.2,1,1,1,1,1,1,1,1,1,0,0,0,0,0,0,6,1.84,1,2.2,1,1,1
5007,[Spell Tool] Stock +7,1.88,1.88,1.88,1.88,2.2,1,1,2.4,2.4,2.4,2.4,1,1,1,1,1,1,1,1,1,0,0,0,0,0,0,7,1.88,1,2.4,1,1,1
5008,[Spell Tool] Stock +8,1.92,1.92,1.92,1.92,2.3,1,1,2.6,2.6,2.6,2.6,1,1,1,1,1,1,1,1,1,0,0,0,0,0,0,8,1.92,1,2.6,1,1,1
5009,[Spell Tool] Stock +9,1.96,1.96,1.96,1.96,2.4,1,1,2.8,2.8,2.8,2.8,1,1,1,1,1,1,1,1,1,0,0,0,0,0,0,9,1.96,1,2.8,1,1,1
5010,[Spell Tool] Stock +10,2,2,2,2,2.5,1,1,3,3,3,3,1,1,1,1,1,1,1,1,1,0,0,0,0,0,0,10,2,1,3,1,1,1
5100,[Spell Tool] Infused +0,1.4,1.4,1.4,1.4,1,1,1,1,1,0.8,0.8,1,1,1,1,1,1,1,1,1,0,0,0,0,0,0,0,1.4,1,0.8,1,1,1
5101,[Spell Tool] Infused +1,1.48,1.48,1.48,1.48,1.2,1,1,1.2,1.2,1,1,1,1,1,1,1,1,1,1,1,0,0,0,0,0,0,1,1.48,1,1,1,1,1
5102,[Spell Tool] Infused +2,1.56,1.56,1.56,1.56,1.4,1,1,1.4,1.4,1.2,1.2,1,1,1,1,1,1,1,1,1,0,0,0,0,0,0,2,1.56,1,1.2,1,1,1
5103,[Spell Tool] Infused +3,1.64,1.64,1.64,1.64,1.6,1,1,1.6,1.6,1.4,1.4,1,1,1,1,1,1,1,1,1,0,0,0,0,0,0,3,1.64,1,1.4,1,1,1
5104,[Spell Tool] Infused +4,1.72,1.72,1.72,1.72,1.8,1,1,1.8,1.8,1.6,1.6,1,1,1,1,1,1,1,1,1,0,0,0,0,0,0,4,1.72,1,1.6,1,1,1
5105,[Spell Tool] Infused +5,1.8,1.8,1.8,1.8,2,1,1,2,2,1.8,1.8,1,1,1,1,1,1,1,1,1,0,0,0,0,0,0,5,1.8,1,1.8,1,1,1
5106,[Spell Tool] Infused +6,1.84,1.84,1.84,1.84,2.1,1,1,2.2,2.2,2,2,1,1,1,1,1,1,1,1,1,0,0,0,0,0,0,6,1.84,1,2,1,1,1
5107,[Spell Tool] Infused +7,1.88,1.88,1.88,1.88,2.2,1,1,2.4,2.4,2.2,2.2,1,1,1,1,1,1,1,1,1,0,0,0,0,0,0,7,1.88,1,2.2,1,1,1
5108,[Spell Tool] Infused +8,1.92,1.92,1.92,1.92,2.3,1,1,2.6,2.6,2.4,2.4,1,1,1,1,1,1,1,1,1,0,0,0,0,0,0,8,1.92,1,2.4,1,1,1
5109,[Spell Tool] Infused +9,1.96,1.96,1.96,1.96,2.4,1,1,2.8,2.8,2.6,2.6,1,1,1,1,1,1,1,1,1,0,0,0,0,0,0,9,1.96,1,2.6,1,1,1
5110,[Spell Tool] Infused +10,2,2,2,2,2.5,1,1,3,3,2.8,2.8,1,1,1,1,1,1,1,1,1,0,0,0,0,0,0,10,2,1,2.8,1,1,1
8000,[Shield] Normal +0,1,1,1,1,1,1,1,1,1,1,1,1,1,1,1,1,1,1,1,1,0,0,0,0,0,0,0,1,1,1,1,1,0.25
8001,[Shield] Normal +1,1.1,1.1,1.1,1.1,1.1,1,1,1.05,1.05,1.05,1.05,1.02,1.02,1.02,1.02,1.02,1.02,1.02,1.02,1.02,0,0,0,0,0,0,1,1.1,1.02,1.05,1,1.02,0.25
8002,[Shield] Normal +2,1.2,1.2,1.2,1.2,1.2,1,1,1.1,1.1,1.1,1.1,1.04,1.04,1.04,1.04,1.04,1.04,1.04,1.04,1.04,0,0,0,0,0,0,2,1.2,1.04,1.1,1,1.04,0.25
8003,[Shield] Normal +3,1.3,1.3,1.3,1.3,1.3,1,1,1.15,1.15,1.15,1.15,1.06,1.06,1.06,1.06,1.06,1.06,1.06,1.06,1.06,0,0,0,0,0,0,3,1.3,1.06,1.15,1,1.06,0.25
8004,[Shield] Normal +4,1.4,1.4,1.4,1.4,1.4,1,1,1.2,1.2,1.2,1.2,1.08,1.08,1.08,1.08,1.08,1.08,1.08,1.08,1.08,0,0,0,0,0,0,4,1.4,1.08,1.2,1,1.08,0.25
8005,[Shield] Normal +5,1.5,1.5,1.5,1.5,1.5,1,1,1.25,1.25,1.25,1.25,1.1,1.1,1.1,1.1,1.1,1.1,1.1,1.1,1.1,0,0,0,0,0,0,5,1.5,1.1,1.25,1,1.1,0.25
8006,[Shield] Normal +6,1.6,1.6,1.6,1.6,1.6,1,1,1.3,1.3,1.3,1.3,1.12,1.12,1.12,1.12,1.12,1.12,1.12,1.12,1.12,0,0,0,0,0,0,6,1.6,1.12,1.3,1,1.12,0.25
8007,[Shield] Normal +7,1.7,1.7,1.7,1.7,1.7,1,1,1.35,1.35,1.35,1.35,1.14,1.14,1.14,1.14,1.14,1.14,1.14,1.14,1.14,0,0,0,0,0,0,7,1.7,1.14,1.35,1,1.14,0.25
8008,[Shield] Normal +8,1.8,1.8,1.8,1.8,1.8,1,1,1.4,1.4,1.4,1.4,1.16,1.16,1.16,1.16,1.16,1.16,1.16,1.16,1.16,0,0,0,0,0,0,8,1.8,1.16,1.4,1,1.16,0.25
8009,[Shield] Normal +9,1.9,1.9,1.9,1.9,1.9,1,1,1.45,1.45,1.45,1.45,1.18,1.18,1.18,1.18,1.18,1.18,1.18,1.18,1.18,0,0,0,0,0,0,9,1.9,1.18,1.45,1,1.18,0.25
8010,[Shield] Normal +10,2,2,2,2,2,1,1,1.5,1.5,1.5,1.5,1.2,1.2,1.2,1.2,1.2,1.2,1.2,1.2,1.2,0,0,0,0,0,0,10,2,1.2,1.5,1,1.2,0.25
8100,[Shield] Infused +0,1,1,1,1,1,1,1,1,1,1,1,1,1,1,1,1,1,1,1,0.95,0,0,0,0,0,0,0,1,1,1,1,1,0.25
8101,[Shield] Infused +1,1.1,1.1,1.1,1.1,1.1,1,1,1.05,1.05,1.05,1.05,1.02,1.02,1.02,1.02,1.02,1.02,1.02,1.02,0.97,0,0,0,0,0,0,1,1.1,1.02,1.05,1,1.02,0.25
8102,[Shield] Infused +2,1.2,1.2,1.2,1.2,1.2,1,1,1.1,1.1,1.1,1.1,1.04,1.04,1.04,1.04,1.04,1.04,1.04,1.04,0.99,0,0,0,0,0,0,2,1.2,1.04,1.1,1,1.04,0.25
8103,[Shield] Infused +3,1.3,1.3,1.3,1.3,1.3,1,1,1.15,1.15,1.15,1.15,1.06,1.06,1.06,1.06,1.06,1.06,1.06,1.06,1.01,0,0,0,0,0,0,3,1.3,1.06,1.15,1,1.06,0.25
8104,[Shield] Infused +4,1.4,1.4,1.4,1.4,1.4,1,1,1.2,1.2,1.2,1.2,1.08,1.08,1.08,1.08,1.08,1.08,1.08,1.08,1.03,0,0,0,0,0,0,4,1.4,1.08,1.2,1,1.08,0.25
8105,[Shield] Infused +5,1.5,1.5,1.5,1.5,1.5,1,1,1.25,1.25,1.25,1.25,1.1,1.1,1.1,1.1,1.1,1.1,1.1,1.1,1.05,0,0,0,0,0,0,5,1.5,1.1,1.25,1,1.1,0.25
8106,[Shield] Infused +6,1.6,1.6,1.6,1.6,1.6,1,1,1.3,1.3,1.3,1.3,1.12,1.12,1.12,1.12,1.12,1.12,1.12,1.12,1.07,0,0,0,0,0,0,6,1.6,1.12,1.3,1,1.12,0.25
8107,[Shield] Infused +7,1.7,1.7,1.7,1.7,1.7,1,1,1.35,1.35,1.35,1.35,1.14,1.14,1.14,1.14,1.14,1.14,1.14,1.14,1.09,0,0,0,0,0,0,7,1.7,1.14,1.35,1,1.14,0.25
8108,[Shield] Infused +8,1.8,1.8,1.8,1.8,1.8,1,1,1.4,1.4,1.4,1.4,1.16,1.16,1.16,1.16,1.16,1.16,1.16,1.16,1.11,0,0,0,0,0,0,8,1.8,1.16,1.4,1,1.16,0.25
8109,[Shield] Infused +9,1.9,1.9,1.9,1.9,1.9,1,1,1.45,1.45,1.45,1.45,1.18,1.18,1.18,1.18,1.18,1.18,1.18,1.18,1.13,0,0,0,0,0,0,9,1.9,1.18,1.45,1,1.18,0.25
8110,[Shield] Infused +10,2,2,2,2,2,1,1,1.5,1.5,1.5,1.5,1.2,1.2,1.2,1.2,1.2,1.2,1.2,1.2,1.15,0,0,0,0,0,0,10,2,1.2,1.5,1,1.2,0.25
8200,[Shield] Unique +0,1,1,1,1,1,1,1,1,1,1,1,1,1,1,1,1,1,1,1,1,0,0,0,0,0,0,0,1,1,1,1,1,1
8201,[Shield] Unique +1,1.2,1.2,1.2,1.2,1.2,1,1,1.1,1.1,1.1,1.1,1.04,1.04,1.04,1.04,1.04,1.04,1.04,1.04,1.04,0,0,0,0,0,0,1,1.2,1.04,1.1,1,1.04,1
8202,[Shield] Unique +2,1.4,1.4,1.4,1.4,1.4,1,1,1.2,1.2,1.2,1.2,1.08,1.08,1.08,1.08,1.08,1.08,1.08,1.08,1.08,0,0,0,0,0,0,2,1.4,1.08,1.2,1,1.08,1
8203,[Shield] Unique +3,1.6,1.6,1.6,1.6,1.6,1,1,1.3,1.3,1.3,1.3,1.12,1.12,1.12,1.12,1.12,1.12,1.12,1.12,1.12,0,0,0,0,0,0,3,1.6,1.12,1.3,1,1.12,1
8204,[Shield] Unique +4,1.8,1.8,1.8,1.8,1.8,1,1,1.4,1.4,1.4,1.4,1.16,1.16,1.16,1.16,1.16,1.16,1.16,1.16,1.16,0,0,0,0,0,0,4,1.8,1.16,1.4,1,1.16,1
8205,[Shield] Unique +5,2,2,2,2,2,1,1,1.5,1.5,1.5,1.5,1.2,1.2,1.2,1.2,1.2,1.2,1.2,1.2,1.2,0,0,0,0,0,0,5,2,1.2,1.5,1,1.2,1
8300,[Shield] Unique - Infused +0,1,1,1,1,1,1,1,1,1,1,1,1,1,1,1,1,1,1,1,0.95,0,0,0,0,0,0,0,1,1,1,1,1,1
8301,[Shield] Unique - Infused +1,1.2,1.2,1.2,1.2,1.2,1,1,1.1,1.1,1.1,1.1,1.04,1.04,1.04,1.04,1.04,1.04,1.04,1.04,0.99,0,0,0,0,0,0,1,1.2,1.04,1.1,1,1.04,1
8302,[Shield] Unique - Infused +2,1.4,1.4,1.4,1.4,1.4,1,1,1.2,1.2,1.2,1.2,1.08,1.08,1.08,1.08,1.08,1.08,1.08,1.08,1.03,0,0,0,0,0,0,2,1.4,1.08,1.2,1,1.08,1
8303,[Shield] Unique - Infused +3,1.6,1.6,1.6,1.6,1.6,1,1,1.3,1.3,1.3,1.3,1.12,1.12,1.12,1.12,1.12,1.12,1.12,1.12,1.07,0,0,0,0,0,0,3,1.6,1.12,1.3,1,1.12,1
8304,[Shield] Unique - Infused +4,1.8,1.8,1.8,1.8,1.8,1,1,1.4,1.4,1.4,1.4,1.16,1.16,1.16,1.16,1.16,1.16,1.16,1.16,1.11,0,0,0,0,0,0,4,1.8,1.16,1.4,1,1.16,1
8305,[Shield] Unique - Infused +5,2,2,2,2,2,1,1,1.5,1.5,1.5,1.5,1.2,1.2,1.2,1.2,1.2,1.2,1.2,1.2,1.15,0,0,0,0,0,0,5,2,1.2,1.5,1,1.2,1
8400,[Shield] Boss +0,1,1,1,1,1,1,1,1,1,1,1,1,1,1,1,1,1,1,1,1,0,0,0,0,0,0,0,1,1,1,1,1,1
8401,[Shield] Boss +1,1.2,1.2,1.2,1.2,1.2,1,1,1.1,1.1,1.1,1.1,1.04,1.04,1.04,1.04,1.04,1.04,1.04,1.04,1.04,0,0,0,0,0,0,1,1.2,1.04,1.1,1,1.04,1
8402,[Shield] Boss +2,1.4,1.4,1.4,1.4,1.4,1,1,1.2,1.2,1.2,1.2,1.08,1.08,1.08,1.08,1.08,1.08,1.08,1.08,1.08,0,0,0,0,0,0,2,1.4,1.08,1.2,1,1.08,1
8403,[Shield] Boss +3,1.6,1.6,1.6,1.6,1.6,1,1,1.3,1.3,1.3,1.3,1.12,1.12,1.12,1.12,1.12,1.12,1.12,1.12,1.12,0,0,0,0,0,0,3,1.6,1.12,1.3,1,1.12,1
8404,[Shield] Boss +4,1.8,1.8,1.8,1.8,1.8,1,1,1.4,1.4,1.4,1.4,1.16,1.16,1.16,1.16,1.16,1.16,1.16,1.16,1.16,0,0,0,0,0,0,4,1.8,1.16,1.4,1,1.16,1
8405,[Shield] Boss +5,2,2,2,2,2,1,1,1.5,1.5,1.5,1.5,1.2,1.2,1.2,1.2,1.2,1.2,1.2,1.2,1.2,0,0,0,0,0,0,5,2,1.2,1.5,1,1.2,1
8500,[Shield] Boss - Infused +0,1,1,1,1,1,1,1,1,1,1,1,1,1,1,1,1,1,1,1,0.95,0,0,0,0,0,0,0,1,1,1,1,1,1
8501,[Shield] Boss - Infused +1,1.2,1.2,1.2,1.2,1.2,1,1,1.1,1.1,1.1,1.1,1.04,1.04,1.04,1.04,1.04,1.04,1.04,1.04,0.99,0,0,0,0,0,0,1,1.2,1.04,1.1,1,1.04,1
8502,[Shield] Boss - Infused +2,1.4,1.4,1.4,1.4,1.4,1,1,1.2,1.2,1.2,1.2,1.08,1.08,1.08,1.08,1.08,1.08,1.08,1.08,1.03,0,0,0,0,0,0,2,1.4,1.08,1.2,1,1.08,1
8503,[Shield] Boss - Infused +3,1.6,1.6,1.6,1.6,1.6,1,1,1.3,1.3,1.3,1.3,1.12,1.12,1.12,1.12,1.12,1.12,1.12,1.12,1.07,0,0,0,0,0,0,3,1.6,1.12,1.3,1,1.12,1
8504,[Shield] Boss - Infused +4,1.8,1.8,1.8,1.8,1.8,1,1,1.4,1.4,1.4,1.4,1.16,1.16,1.16,1.16,1.16,1.16,1.16,1.16,1.11,0,0,0,0,0,0,4,1.8,1.16,1.4,1,1.16,1
8505,[Shield] Boss - Infused +5,2,2,2,2,2,1,1,1.5,1.5,1.5,1.5,1.2,1.2,1.2,1.2,1.2,1.2,1.2,1.2,1.15,0,0,0,0,0,0,5,2,1.2,1.5,1,1.2,1
8600,[Shield] Dragon +0,1,1,1,1,1,1,1,1,1,1,1,1,1,1,1,1,1,1,1,1,0,0,0,0,0,0,0,1,1,1,1,1,1
8601,[Shield] Dragon +1,1.2,1.2,1.2,1.2,1.2,1,1,1.1,1.1,1.1,1.1,1.04,1.04,1.04,1.04,1.04,1.04,1.04,1.04,1.04,0,0,0,0,0,0,1,1.2,1.04,1.1,1,1.04,1
8602,[Shield] Dragon +2,1.4,1.4,1.4,1.4,1.4,1,1,1.2,1.2,1.2,1.2,1.08,1.08,1.08,1.08,1.08,1.08,1.08,1.08,1.08,0,0,0,0,0,0,2,1.4,1.08,1.2,1,1.08,1
8603,[Shield] Dragon +3,1.6,1.6,1.6,1.6,1.6,1,1,1.3,1.3,1.3,1.3,1.12,1.12,1.12,1.12,1.12,1.12,1.12,1.12,1.12,0,0,0,0,0,0,3,1.6,1.12,1.3,1,1.12,1
8604,[Shield] Dragon +4,1.8,1.8,1.8,1.8,1.8,1,1,1.4,1.4,1.4,1.4,1.16,1.16,1.16,1.16,1.16,1.16,1.16,1.16,1.16,0,0,0,0,0,0,4,1.8,1.16,1.4,1,1.16,1
8605,[Shield] Dragon +5,2,2,2,2,2,1,1,1.5,1.5,1.5,1.5,1.2,1.2,1.2,1.2,1.2,1.2,1.2,1.2,1.2,0,0,0,0,0,0,5,2,1.2,1.5,1,1.2,1
8700,[Shield] Dragon - Infused +0,1,1,1,1,1,1,1,1,1,1,1,1,1,1,1,1,1,1,1,0.95,0,0,0,0,0,0,0,1,1,1,1,1,1
8701,[Shield] Dragon - Infused +1,1.2,1.2,1.2,1.2,1.2,1,1,1.1,1.1,1.1,1.1,1.04,1.04,1.04,1.04,1.04,1.04,1.04,1.04,0.99,0,0,0,0,0,0,1,1.2,1.04,1.1,1,1.04,1
8702,[Shield] Dragon - Infused +2,1.4,1.4,1.4,1.4,1.4,1,1,1.2,1.2,1.2,1.2,1.08,1.08,1.08,1.08,1.08,1.08,1.08,1.08,1.03,0,0,0,0,0,0,2,1.4,1.08,1.2,1,1.08,1
8703,[Shield] Dragon - Infused +3,1.6,1.6,1.6,1.6,1.6,1,1,1.3,1.3,1.3,1.3,1.12,1.12,1.12,1.12,1.12,1.12,1.12,1.12,1.07,0,0,0,0,0,0,3,1.6,1.12,1.3,1,1.12,1
8704,[Shield] Dragon - Infused +4,1.8,1.8,1.8,1.8,1.8,1,1,1.4,1.4,1.4,1.4,1.16,1.16,1.16,1.16,1.16,1.16,1.16,1.16,1.11,0,0,0,0,0,0,4,1.8,1.16,1.4,1,1.16,1
8705,[Shield] Dragon - Infused +5,2,2,2,2,2,1,1,1.5,1.5,1.5,1.5,1.2,1.2,1.2,1.2,1.2,1.2,1.2,1.2,1.15,0,0,0,0,0,0,5,2,1.2,1.5,1,1.2,1
9000,Handmaid's Ladle +0,1,1,1,1,1,1,1,1,1,1,1,1,1,1,1,1,1,1,1,1,0,0,0,0,0,0,0,1.1,1,1,1,1,1
9001,Handmaid's Ladle +1,1.05,1.05,1.05,1.05,1.05,1.05,1,2,2,2,2,1,1,1,1,1,1,1,1,1,0,0,0,0,0,0,1,1.05,1,2,1,1,1
9002,Handmaid's Ladle +2,1.1,1.1,1.1,1.1,1.1,1.1,1,3,3,3,3,1,1,1,1,1,1,1,1,1,0,0,0,0,0,0,2,1.1,1,3,1,1,1
9003,Handmaid's Ladle +3,1.15,1.15,1.15,1.15,1.15,1.15,1,4,4,4,4,1,1,1,1,1,1,1,1,1,0,0,0,0,0,0,3,1.15,1,4,1,1,1
9004,Handmaid's Ladle +4,1.2,1.2,1.2,1.2,1.2,1.2,1,5,5,5,5,1,1,1,1,1,1,1,1,1,0,0,0,0,0,0,4,1.2,1,5,1,1,1
9005,Handmaid's Ladle +5,1.25,1.25,1.25,1.25,1.25,1.25,1,6,6,6,6,1,1,1,1,1,1,1,1,1,0,0,0,0,0,0,5,1.25,1,6,1,1,1
9006,Handmaid's Ladle +6,1.3,1.3,1.3,1.3,1.3,1.3,1,7,7,7,7,1,1,1,1,1,1,1,1,1,0,0,0,0,0,0,6,1.3,1,7,1,1,1
9007,Handmaid's Ladle +7,1.35,1.35,1.35,1.35,1.35,1.35,1,8,8,8,8,1,1,1,1,1,1,1,1,1,0,0,0,0,0,0,7,1.35,1,8,1,1,1
9008,Handmaid's Ladle +8,1.4,1.4,1.4,1.4,1.4,1.4,1,9,9,9,9,1,1,1,1,1,1,1,1,1,0,0,0,0,0,0,8,1.4,1,9,1,1,1
9009,Handmaid's Ladle +9,1.45,1.45,1.45,1.45,1.45,1.45,1,10,10,10,10,1,1,1,1,1,1,1,1,1,0,0,0,0,0,0,9,1.45,1,10,1,1,1
9010,Handmaid's Ladle +10,1.5,1.5,1.5,1.5,1.5,1.5,1,15,15,15,15,1,1,1,1,1,1,1,1,1,0,0,0,0,0,0,10,1.5,1,15,1,1,1
9011,Handmaid's Ladle +11,1.6,1.6,1.6,1.6,1.6,1.6,1,16,16,16,16,1,1,1,1,1,1,1,1,1,0,0,0,0,0,0,11,1.6,1,16,1,1,1
9012,Handmaid's Ladle +12,1.7,1.7,1.7,1.7,1.7,1.7,1,17,17,17,17,1,1,1,1,1,1,1,1,1,0,0,0,0,0,0,12,1.7,1,17,1,1,1
9013,Handmaid's Ladle +13,1.8,1.8,1.8,1.8,1.8,1.8,1,18,18,18,18,1,1,1,1,1,1,1,1,1,0,0,0,0,0,0,13,1.8,1,18,1,1,1
9014,Handmaid's Ladle +14,1.9,1.9,1.9,1.9,1.9,1.9,1,19,19,19,19,1,1,1,1,1,1,1,1,1,0,0,0,0,0,0,14,1.9,1,19,1,1,1
9015,Handmaid's Ladle +15,2,2,2,2,2,2,1,20,20,20,20,1,1,1,1,1,1,1,1,1,0,0,0,0,0,0,15,2,1,20,1,1,1
20000,No Reinforcement,1,1,1,1,1,1,1,1,1,1,1,1,1,1,1,1,1,1,1,1,0,0,0,0,0,0,0,1,1,1,1,1,1
